Index,DT,Energy,Month,DayOfWeek,BankHols,RetailHols,Trend2010,AvgDB,LagDB,Lag2DB,AvgClouds,AvgWind
0,1/1/17,242.69,1.00,7.00,0.00,0.00,7.00,46.77,36.66,36.72,4.39,5.24
1,1/2/17,257.06,1.00,1.00,0.00,0.00,7.01,45.10,46.77,36.66,8.00,5.66
2,1/3/17,265.35,1.00,2.00,0.00,0.00,7.01,45.37,45.10,46.77,7.75,5.63
3,1/4/17,253.79,1.00,3.00,0.00,0.00,7.01,48.87,45.37,45.10,3.71,8.61
4,1/5/17,305.91,1.00,4.00,0.00,0.00,7.01,34.49,48.87,45.37,6.06,3.84
5,1/6/17,316.87,1.00,5.00,0.00,0.00,7.02,32.57,34.49,48.87,7.50,7.24
6,1/7/17,376.45,1.00,6.00,0.00,0.00,7.02,21.42,32.57,34.49,5.93,11.40
7,1/8/17,409.32,1.00,7.00,0.00,0.00,7.02,14.80,21.42,32.57,0.63,8.06
8,1/9/17,417.47,1.00,1.00,0.00,0.00,7.02,15.51,14.80,21.42,3.30,3.90
9,1/10/17,369.66,1.00,2.00,0.00,0.00,7.03,27.95,15.51,14.80,5.36,5.85
10,1/11/17,282.84,1.00,3.00,0.00,0.00,7.03,44.95,27.95,15.51,5.09,6.65
11,1/12/17,239.89,1.00,4.00,0.00,0.00,7.03,59.22,44.95,27.95,2.69,12.72
12,1/13/17,236.02,1.00,5.00,0.00,0.00,7.04,53.77,59.22,44.95,5.93,7.91
13,1/14/17,273.35,1.00,6.00,0.00,0.00,7.04,39.56,53.77,59.22,7.97,5.35
14,1/15/17,261.88,1.00,7.00,0.00,0.00,7.04,41.13,39.56,53.77,6.28,4.16
15,1/16/17,278.90,1.00,1.00,1.00,0.00,7.04,40.91,41.13,39.56,7.74,2.54
16,1/17/17,264.49,1.00,2.00,0.00,0.00,7.05,48.78,40.91,41.13,7.23,6.16
17,1/18/17,242.24,1.00,3.00,0.00,0.00,7.05,52.22,48.78,40.91,3.41,6.42
18,1/19/17,262.97,1.00,4.00,0.00,0.00,7.05,42.92,52.22,48.78,2.19,2.57
19,1/20/17,267.56,1.00,5.00,0.00,0.00,7.05,44.92,42.92,52.22,6.69,2.88
20,1/21/17,240.57,1.00,6.00,0.00,0.00,7.06,48.87,44.92,42.92,7.21,3.24
21,1/22/17,237.86,1.00,7.00,0.00,0.00,7.06,48.75,48.87,44.92,8.00,5.35
22,1/23/17,262.83,1.00,1.00,0.00,0.00,7.06,47.05,48.75,48.87,7.69,13.01
23,1/24/17,275.95,1.00,2.00,0.00,0.00,7.07,44.15,47.05,48.75,4.86,10.10
24,1/25/17,253.81,1.00,3.00,0.00,0.00,7.07,51.34,44.15,47.05,0.62,6.95
25,1/26/17,244.75,1.00,4.00,0.00,0.00,7.07,52.35,51.34,44.15,3.21,11.41
26,1/27/17,281.99,1.00,5.00,0.00,0.00,7.07,38.99,52.35,51.34,5.58,9.49
27,1/28/17,281.33,1.00,6.00,0.00,0.00,7.08,36.55,38.99,52.35,2.56,7.42
28,1/29/17,274.93,1.00,7.00,0.00,0.00,7.08,38.15,36.55,38.99,5.73,5.02
29,1/30/17,309.43,1.00,1.00,0.00,0.00,7.08,33.36,38.15,36.55,4.18,7.49
30,1/31/17,297.94,1.00,2.00,0.00,0.00,7.08,41.60,33.36,38.15,1.87,7.94
31,2/1/17,268.64,2.00,3.00,0.00,0.00,7.09,45.60,41.60,33.36,3.36,3.38
32,2/2/17,264.91,2.00,4.00,0.00,0.00,7.09,43.75,45.60,41.60,1.63,5.21
33,2/3/17,304.60,2.00,5.00,0.00,0.00,7.09,34.90,43.75,45.60,7.67,5.62
34,2/4/17,310.78,2.00,6.00,0.00,0.00,7.10,29.78,34.90,43.75,0.81,5.52
35,2/5/17,278.09,2.00,7.00,0.00,0.00,7.10,39.60,29.78,34.90,3.03,6.82
36,2/6/17,262.24,2.00,1.00,0.00,0.00,7.10,46.83,39.60,29.78,1.12,4.69
37,2/7/17,234.03,2.00,2.00,0.00,0.00,7.10,60.36,46.83,39.60,2.84,12.27
38,2/8/17,221.86,2.00,3.00,0.00,0.00,7.11,61.36,60.36,46.83,2.79,6.65
39,2/9/17,272.86,2.00,4.00,0.00,0.00,7.11,40.82,61.36,60.36,5.75,13.74
40,2/10/17,324.60,2.00,5.00,0.00,0.00,7.11,30.75,40.82,61.36,3.72,7.07
41,2/11/17,250.88,2.00,6.00,0.00,0.00,7.12,49.85,30.75,40.82,2.47,7.51
42,2/12/17,219.86,2.00,7.00,0.00,0.00,7.12,60.11,49.85,30.75,4.50,8.97
43,2/13/17,256.94,2.00,1.00,0.00,0.00,7.12,44.05,60.11,49.85,0.75,11.02
44,2/14/17,285.34,2.00,2.00,0.00,0.00,7.12,39.35,44.05,60.11,4.09,4.33
45,2/15/17,272.03,2.00,3.00,0.00,0.00,7.13,43.20,39.35,44.05,4.64,7.21
46,2/16/17,299.50,2.00,4.00,0.00,0.00,7.13,35.66,43.20,39.35,2.42,8.57
47,2/17/17,285.89,2.00,5.00,0.00,0.00,7.13,40.47,35.66,43.20,2.10,3.80
48,2/18/17,236.01,2.00,6.00,0.00,0.00,7.13,53.14,40.47,35.66,2.02,5.65
49,2/19/17,206.12,2.00,7.00,0.00,0.00,7.14,57.83,53.14,40.47,1.27,5.69
50,2/20/17,223.48,2.00,1.00,1.00,0.00,7.14,53.10,57.83,53.14,1.12,4.81
51,2/21/17,240.81,2.00,2.00,0.00,0.00,7.14,47.65,53.10,57.83,2.34,4.65
52,2/22/17,239.02,2.00,3.00,0.00,0.00,7.15,51.92,47.65,53.10,7.20,3.67
53,2/23/17,225.67,2.00,4.00,0.00,0.00,7.15,60.99,51.92,47.65,3.59,5.48
54,2/24/17,221.61,2.00,5.00,0.00,0.00,7.15,62.09,60.99,51.92,2.70,6.33
55,2/25/17,206.88,2.00,6.00,0.00,0.00,7.15,60.90,62.09,60.99,3.80,10.98
56,2/26/17,229.96,2.00,7.00,0.00,0.00,7.16,41.19,60.90,62.09,0.52,6.19
57,2/27/17,260.40,2.00,1.00,0.00,0.00,7.16,44.46,41.19,60.90,4.31,3.77
58,2/28/17,233.88,2.00,2.00,0.00,0.00,7.16,56.69,44.46,41.19,4.12,4.70
59,3/1/17,225.27,3.00,3.00,0.00,0.00,7.16,63.67,56.69,44.46,5.18,13.58
60,3/2/17,231.43,3.00,4.00,0.00,0.00,7.17,49.50,63.67,56.69,1.99,12.62
61,3/3/17,275.14,3.00,5.00,0.00,0.00,7.17,37.69,49.50,63.67,3.93,8.69
62,3/4/17,278.22,3.00,6.00,0.00,0.00,7.17,34.74,37.69,49.50,0.96,5.72
63,3/5/17,283.31,3.00,7.00,0.00,0.00,7.18,32.69,34.74,37.69,0.64,4.81
64,3/6/17,272.53,3.00,1.00,0.00,0.00,7.18,43.75,32.69,34.74,4.14,4.92
65,3/7/17,231.66,3.00,2.00,0.00,0.00,7.18,57.81,43.75,32.69,5.58,10.38
66,3/8/17,221.78,3.00,3.00,0.00,0.00,7.18,57.68,57.81,43.75,2.20,10.52
67,3/9/17,227.70,3.00,4.00,0.00,0.00,7.19,56.79,57.68,57.81,0.70,7.97
68,3/10/17,246.90,3.00,5.00,0.00,0.00,7.19,47.67,56.79,57.68,5.42,11.76
69,3/11/17,274.82,3.00,6.00,0.00,0.00,7.19,34.69,47.67,56.79,1.40,8.17
70,3/12/17,280.35,3.00,7.00,0.00,0.00,7.19,33.83,34.69,47.67,1.63,5.72
71,3/13/17,300.86,3.00,1.00,0.00,0.00,7.20,34.03,33.83,34.69,4.84,7.51
72,3/14/17,306.65,3.00,2.00,0.00,0.00,7.20,36.33,34.03,33.83,6.46,14.04
73,3/15/17,345.19,3.00,3.00,0.00,0.00,7.20,28.06,36.33,34.03,2.70,14.57
74,3/16/17,313.50,3.00,4.00,0.00,0.00,7.21,33.33,28.06,36.33,1.03,8.51
75,3/17/17,287.71,3.00,5.00,0.00,0.00,7.21,37.88,33.33,28.06,3.29,4.08
76,3/18/17,241.34,3.00,6.00,0.00,0.00,7.21,47.48,37.88,33.33,5.04,6.04
77,3/19/17,250.51,3.00,7.00,0.00,0.00,7.21,43.40,47.48,37.88,5.58,10.07
78,3/20/17,258.24,3.00,1.00,0.00,0.00,7.22,44.67,43.40,47.48,2.16,4.22
79,3/21/17,232.43,3.00,2.00,0.00,0.00,7.22,54.73,44.67,43.40,4.27,5.08
80,3/22/17,239.36,3.00,3.00,0.00,0.00,7.22,47.72,54.73,44.67,1.37,10.92
81,3/23/17,273.12,3.00,4.00,0.00,0.00,7.22,37.00,47.72,54.73,0.63,5.33
82,3/24/17,255.03,3.00,5.00,0.00,0.00,7.23,49.31,37.00,47.72,4.08,9.36
83,3/25/17,205.94,3.00,6.00,0.00,0.00,7.23,64.60,49.31,37.00,2.85,8.40
84,3/26/17,201.89,3.00,7.00,0.00,0.00,7.23,57.37,64.60,49.31,5.73,6.10
85,3/27/17,220.64,3.00,1.00,0.00,0.00,7.24,62.23,57.37,64.60,5.17,7.01
86,3/28/17,218.64,3.00,2.00,0.00,0.00,7.24,63.45,62.23,57.37,5.21,6.29
87,3/29/17,213.53,3.00,3.00,0.00,0.00,7.24,58.72,63.45,62.23,4.01,6.38
88,3/30/17,223.80,3.00,4.00,0.00,0.00,7.24,50.53,58.72,63.45,7.57,6.66
89,3/31/17,227.27,3.00,5.00,0.00,0.00,7.25,54.13,50.53,58.72,7.40,6.29
90,4/1/17,203.04,4.00,6.00,0.00,0.00,7.25,55.76,54.13,50.53,3.86,8.69
91,4/2/17,208.10,4.00,7.00,0.00,0.00,7.25,51.11,55.76,54.13,1.19,5.03
92,4/3/17,223.85,4.00,1.00,0.00,0.00,7.25,55.67,51.11,55.76,5.45,7.46
93,4/4/17,226.01,4.00,2.00,0.00,0.00,7.26,68.59,55.67,51.11,3.36,11.61
94,4/5/17,222.39,4.00,3.00,0.00,0.00,7.26,64.23,68.59,55.67,2.22,5.83
95,4/6/17,217.48,4.00,4.00,0.00,0.00,7.26,60.63,64.23,68.59,5.46,12.58
96,4/7/17,234.84,4.00,5.00,0.00,0.00,7.27,47.53,60.63,64.23,6.70,13.28
97,4/8/17,223.46,4.00,6.00,0.00,0.00,7.27,49.56,47.53,60.63,0.84,5.28
98,4/9/17,209.93,4.00,7.00,0.00,0.00,7.27,54.86,49.56,47.53,1.07,3.91
99,4/10/17,220.13,4.00,1.00,0.00,0.00,7.27,63.55,54.86,49.56,1.39,8.94
100,4/11/17,233.89,4.00,2.00,0.00,0.00,7.28,69.24,63.55,54.86,1.23,8.99
101,4/12/17,233.75,4.00,3.00,0.00,0.00,7.28,67.95,69.24,63.55,2.93,5.72
102,4/13/17,216.32,4.00,4.00,0.00,0.00,7.28,61.96,67.95,69.24,3.23,5.97
103,4/14/17,212.16,4.00,5.00,0.00,0.00,7.28,58.93,61.96,67.95,4.01,4.07
104,4/15/17,206.14,4.00,6.00,0.00,0.00,7.29,66.35,58.93,61.96,3.40,7.08
105,4/16/17,232.05,4.00,7.00,0.00,0.00,7.29,72.79,66.35,58.93,2.49,10.24
106,4/17/17,234.28,4.00,1.00,0.00,0.00,7.29,66.89,72.79,66.35,4.50,6.60
107,4/18/17,219.39,4.00,2.00,0.00,0.00,7.30,60.89,66.89,72.79,1.97,6.52
108,4/19/17,216.95,4.00,3.00,0.00,0.00,7.30,56.76,60.89,66.89,7.78,5.58
109,4/20/17,237.51,4.00,4.00,0.00,0.00,7.30,67.07,56.76,60.89,3.64,6.58
110,4/21/17,255.75,4.00,5.00,0.00,0.00,7.30,72.66,67.07,56.76,2.64,6.10
111,4/22/17,216.17,4.00,6.00,0.00,0.00,7.31,60.94,72.66,67.07,7.02,7.86
112,4/23/17,203.60,4.00,7.00,0.00,0.00,7.31,52.40,60.94,72.66,7.04,7.42
113,4/24/17,224.95,4.00,1.00,0.00,0.00,7.31,53.22,52.40,60.94,8.00,10.47
114,4/25/17,225.04,4.00,2.00,0.00,0.00,7.32,58.99,53.22,52.40,6.96,10.15
115,4/26/17,225.83,4.00,3.00,0.00,0.00,7.32,63.97,58.99,53.22,4.78,4.69
116,4/27/17,244.43,4.00,4.00,0.00,0.00,7.32,69.86,63.97,58.99,2.59,7.96
117,4/28/17,268.18,4.00,5.00,0.00,0.00,7.32,72.83,69.86,63.97,3.31,5.69
118,4/29/17,281.24,4.00,6.00,0.00,0.00,7.33,77.84,72.83,69.86,3.60,8.20
119,4/30/17,279.84,4.00,7.00,0.00,0.00,7.33,76.71,77.84,72.83,3.35,8.67
120,5/1/17,277.21,5.00,1.00,0.00,0.00,7.33,74.03,76.71,77.84,5.59,13.61
121,5/2/17,248.20,5.00,2.00,0.00,0.00,7.33,68.77,74.03,76.71,1.62,12.08
122,5/3/17,223.08,5.00,3.00,0.00,0.00,7.34,62.37,68.77,74.03,1.06,7.99
123,5/4/17,217.64,5.00,4.00,0.00,0.00,7.34,58.22,62.37,68.77,4.79,7.69
124,5/5/17,229.82,5.00,5.00,0.00,0.00,7.34,66.03,58.22,62.37,6.33,10.65
125,5/6/17,201.91,5.00,6.00,0.00,0.00,7.35,55.88,66.03,58.22,6.89,9.83
126,5/7/17,201.29,5.00,7.00,0.00,0.00,7.35,53.94,55.88,66.03,4.24,7.14
127,5/8/17,216.40,5.00,1.00,0.00,0.00,7.35,53.49,53.94,55.88,1.96,5.22
128,5/9/17,220.11,5.00,2.00,0.00,0.00,7.35,53.96,53.49,53.94,2.24,3.94
129,5/10/17,224.13,5.00,3.00,0.00,0.00,7.36,61.91,53.96,53.49,3.49,3.15
130,5/11/17,220.17,5.00,4.00,0.00,0.00,7.36,58.74,61.91,53.96,7.55,6.18
131,5/12/17,224.10,5.00,5.00,0.00,0.00,7.36,52.16,58.74,61.91,8.00,6.63
132,5/13/17,209.23,5.00,6.00,0.00,0.00,7.36,55.07,52.16,58.74,7.08,6.37
133,5/14/17,211.20,5.00,7.00,0.00,0.00,7.37,64.36,55.07,52.16,1.63,7.64
134,5/15/17,227.60,5.00,1.00,0.00,0.00,7.37,66.97,64.36,55.07,0.94,7.92
135,5/16/17,238.26,5.00,2.00,0.00,0.00,7.37,65.58,66.97,64.36,1.22,3.36
136,5/17/17,289.28,5.00,3.00,0.00,0.00,7.38,76.17,65.58,66.97,1.42,6.58
137,5/18/17,303.46,5.00,4.00,0.00,0.00,7.38,77.39,76.17,65.58,1.82,9.11
138,5/19/17,306.12,5.00,5.00,0.00,0.00,7.38,76.63,77.39,76.17,2.22,7.24
139,5/20/17,248.08,5.00,6.00,0.00,0.00,7.38,69.94,76.63,77.39,5.00,7.06
140,5/21/17,210.85,5.00,7.00,0.00,0.00,7.39,62.17,69.94,76.63,7.34,6.45
141,5/22/17,237.57,5.00,1.00,0.00,0.00,7.39,66.59,62.17,69.94,6.37,3.89
142,5/23/17,228.57,5.00,2.00,0.00,0.00,7.39,61.81,66.59,62.17,7.94,6.25
143,5/24/17,224.73,5.00,3.00,0.00,0.00,7.39,60.15,61.81,66.59,8.00,7.00
144,5/25/17,232.06,5.00,4.00,0.00,0.00,7.40,64.33,60.15,61.81,4.72,8.67
145,5/26/17,235.20,5.00,5.00,0.00,0.00,7.40,67.75,64.33,60.15,3.11,8.70
146,5/27/17,234.28,5.00,6.00,0.00,0.00,7.40,69.40,67.75,64.33,3.15,3.94
147,5/28/17,223.67,5.00,7.00,0.00,0.00,7.41,68.13,69.40,67.75,6.84,3.44
148,5/29/17,254.60,5.00,1.00,1.00,0.00,7.41,72.53,68.13,69.40,2.98,4.36
149,5/30/17,257.93,5.00,2.00,0.00,0.00,7.41,70.60,72.53,68.13,4.54,4.93
150,5/31/17,266.11,5.00,3.00,0.00,0.00,7.41,70.65,70.60,72.53,3.39,3.95
151,6/1/17,268.89,6.00,4.00,0.00,0.00,7.42,72.18,70.65,70.60,2.19,5.06
152,6/2/17,262.66,6.00,5.00,0.00,0.00,7.42,70.69,72.18,70.65,1.56,4.40
153,6/3/17,248.80,6.00,6.00,0.00,0.00,7.42,70.91,70.69,72.18,1.66,4.15
154,6/4/17,265.70,6.00,7.00,0.00,0.00,7.42,73.45,70.91,70.69,1.68,5.78
155,6/5/17,265.96,6.00,1.00,0.00,0.00,7.43,70.52,73.45,70.91,7.28,5.94
156,6/6/17,260.79,6.00,2.00,0.00,0.00,7.43,70.01,70.52,73.45,3.63,5.69
157,6/7/17,231.66,6.00,3.00,0.00,0.00,7.43,62.99,70.01,70.52,6.10,7.38
158,6/8/17,225.96,6.00,4.00,0.00,0.00,7.44,61.63,62.99,70.01,5.71,6.36
159,6/9/17,244.26,6.00,5.00,0.00,0.00,7.44,67.41,61.63,62.99,2.32,4.63
160,6/10/17,264.96,6.00,6.00,0.00,0.00,7.44,73.17,67.41,61.63,1.88,4.43
161,6/11/17,298.25,6.00,7.00,0.00,0.00,7.44,78.37,73.17,67.41,1.81,5.91
162,6/12/17,326.97,6.00,1.00,0.00,0.00,7.45,79.11,78.37,73.17,2.08,4.90
163,6/13/17,336.96,6.00,2.00,0.00,0.00,7.45,79.60,79.11,78.37,2.39,5.63
164,6/14/17,328.77,6.00,3.00,0.00,0.00,7.45,77.40,79.60,79.11,2.20,4.99
165,6/15/17,302.98,6.00,4.00,0.00,0.00,7.45,74.43,77.40,79.60,5.30,4.52
166,6/16/17,293.41,6.00,5.00,0.00,0.00,7.46,73.40,74.43,77.40,6.08,3.55
167,6/17/17,284.08,6.00,6.00,0.00,0.00,7.46,75.19,73.40,74.43,5.75,4.77
168,6/18/17,309.92,6.00,7.00,0.00,0.00,7.46,79.53,75.19,73.40,4.57,10.09
169,6/19/17,325.78,6.00,1.00,0.00,0.00,7.47,78.28,79.53,75.19,5.19,11.52
170,6/20/17,295.25,6.00,2.00,0.00,0.00,7.47,74.00,78.28,79.53,2.31,6.54
171,6/21/17,303.23,6.00,3.00,0.00,0.00,7.47,75.60,74.00,78.28,2.98,6.88
172,6/22/17,319.31,6.00,4.00,0.00,0.00,7.47,78.20,75.60,74.00,2.64,6.03
173,6/23/17,325.51,6.00,5.00,0.00,0.00,7.48,79.62,78.20,75.60,4.66,11.03
174,6/24/17,317.65,6.00,6.00,0.00,0.00,7.48,80.08,79.62,78.20,2.69,9.36
175,6/25/17,283.30,6.00,7.00,0.00,0.00,7.48,74.52,80.08,79.62,2.93,4.99
176,6/26/17,275.48,6.00,1.00,0.00,0.00,7.48,71.25,74.52,80.08,2.16,4.39
177,6/27/17,267.60,6.00,2.00,0.00,0.00,7.49,70.22,71.25,74.52,3.04,4.67
178,6/28/17,258.95,6.00,3.00,0.00,0.00,7.49,68.48,70.22,71.25,1.18,4.42
179,6/29/17,284.53,6.00,4.00,0.00,0.00,7.49,74.02,68.48,70.22,2.45,7.67
180,6/30/17,312.84,6.00,5.00,0.00,0.00,7.50,78.03,74.02,68.48,2.96,9.90
181,7/1/17,313.98,7.00,6.00,0.00,0.00,7.50,80.55,78.03,74.02,4.65,8.76
182,7/2/17,311.20,7.00,7.00,0.00,0.00,7.50,79.64,80.55,78.03,3.56,4.17
183,7/3/17,320.79,7.00,1.00,0.00,1.00,7.50,79.28,79.64,80.55,2.25,3.56
184,7/4/17,299.82,7.00,2.00,0.00,1.00,7.51,77.58,79.28,79.64,3.54,3.24
185,7/5/17,301.12,7.00,3.00,0.00,0.00,7.51,75.79,77.58,79.28,6.23,4.22
186,7/6/17,309.23,7.00,4.00,0.00,0.00,7.51,77.62,75.79,77.58,5.39,4.83
187,7/7/17,322.81,7.00,5.00,0.00,0.00,7.52,79.52,77.62,75.79,2.74,6.64
188,7/8/17,309.94,7.00,6.00,0.00,0.00,7.52,79.53,79.52,77.62,2.35,6.95
189,7/9/17,287.32,7.00,7.00,0.00,0.00,7.52,75.41,79.53,79.52,1.66,4.04
190,7/10/17,318.70,7.00,1.00,0.00,0.00,7.52,77.95,75.41,79.53,2.27,4.96
191,7/11/17,332.20,7.00,2.00,0.00,0.00,7.53,80.01,77.95,75.41,2.71,6.90
192,7/12/17,357.99,7.00,3.00,0.00,0.00,7.53,83.55,80.01,77.95,2.20,6.09
193,7/13/17,373.16,7.00,4.00,0.00,0.00,7.53,84.12,83.55,80.01,2.50,7.45
194,7/14/17,360.47,7.00,5.00,0.00,0.00,7.53,82.69,84.12,83.55,2.75,7.31
195,7/15/17,321.12,7.00,6.00,0.00,0.00,7.54,80.32,82.69,84.12,3.39,5.49
196,7/16/17,307.05,7.00,7.00,0.00,0.00,7.54,78.24,80.32,82.69,2.96,4.19
197,7/17/17,326.37,7.00,1.00,0.00,0.00,7.54,77.56,78.24,80.32,3.70,4.56
198,7/18/17,333.11,7.00,2.00,0.00,0.00,7.55,77.69,77.56,78.24,3.56,3.69
199,7/19/17,342.82,7.00,3.00,0.00,0.00,7.55,79.51,77.69,77.56,1.43,3.19
200,7/20/17,361.93,7.00,4.00,0.00,0.00,7.55,82.62,79.51,77.69,2.45,4.12
201,7/21/17,363.65,7.00,5.00,0.00,0.00,7.55,82.74,82.62,79.51,2.69,4.35
202,7/22/17,341.67,7.00,6.00,0.00,0.00,7.56,82.75,82.74,82.62,2.84,6.26
203,7/23/17,326.69,7.00,7.00,0.00,0.00,7.56,81.84,82.75,82.74,2.39,6.75
204,7/24/17,335.35,7.00,1.00,0.00,0.00,7.56,80.18,81.84,82.75,2.93,6.73
205,7/25/17,310.53,7.00,2.00,0.00,0.00,7.56,77.47,80.18,81.84,2.32,7.27
206,7/26/17,297.52,7.00,3.00,0.00,0.00,7.57,74.31,77.47,80.18,4.39,4.26
207,7/27/17,309.35,7.00,4.00,0.00,0.00,7.57,76.69,74.31,77.47,4.68,6.10
208,7/28/17,294.52,7.00,5.00,0.00,0.00,7.57,75.37,76.69,74.31,6.16,5.24
209,7/29/17,246.60,7.00,6.00,0.00,0.00,7.58,70.34,75.37,76.69,7.14,9.34
210,7/30/17,242.05,7.00,7.00,0.00,0.00,7.58,70.06,70.34,75.37,1.03,7.45
211,7/31/17,277.64,7.00,1.00,0.00,0.00,7.58,71.97,70.06,70.34,1.21,3.39
212,8/1/17,296.93,8.00,2.00,0.00,0.00,7.58,74.75,71.97,70.06,2.12,3.25
213,8/2/17,311.12,8.00,3.00,0.00,0.00,7.59,76.62,74.75,71.97,2.06,3.57
214,8/3/17,316.72,8.00,4.00,0.00,0.00,7.59,77.56,76.62,74.75,1.73,4.53
215,8/4/17,319.27,8.00,5.00,0.00,0.00,7.59,77.51,77.56,76.62,2.48,5.47
216,8/5/17,286.23,8.00,6.00,0.00,0.00,7.59,75.83,77.51,77.56,2.08,7.40
217,8/6/17,260.90,8.00,7.00,0.00,0.00,7.60,71.81,75.83,77.51,2.92,3.49
218,8/7/17,282.63,8.00,1.00,0.00,0.00,7.60,73.80,71.81,75.83,6.83,6.37
219,8/8/17,272.19,8.00,2.00,0.00,0.00,7.60,71.93,73.80,71.81,5.81,5.88
220,8/9/17,273.39,8.00,3.00,0.00,0.00,7.61,71.28,71.93,73.80,2.08,4.13
221,8/10/17,276.81,8.00,4.00,0.00,0.00,7.61,71.37,71.28,71.93,3.26,3.54
222,8/11/17,282.05,8.00,5.00,0.00,0.00,7.61,73.88,71.37,71.28,6.38,4.44
223,8/12/17,285.11,8.00,6.00,0.00,0.00,7.61,76.28,73.88,71.37,5.24,4.30
224,8/13/17,273.43,8.00,7.00,0.00,0.00,7.62,74.39,76.28,73.88,5.17,3.99
225,8/14/17,280.55,8.00,1.00,0.00,0.00,7.62,73.25,74.39,76.28,7.17,2.93
226,8/15/17,297.08,8.00,2.00,0.00,0.00,7.62,75.97,73.25,74.39,5.95,3.13
227,8/16/17,318.94,8.00,3.00,0.00,0.00,7.62,77.91,75.97,73.25,3.30,2.84
228,8/17/17,329.25,8.00,4.00,0.00,0.00,7.63,78.65,77.91,75.97,3.55,4.27
229,8/18/17,346.73,8.00,5.00,0.00,0.00,7.63,81.15,78.65,77.91,4.36,6.95
230,8/19/17,316.79,8.00,6.00,0.00,0.00,7.63,78.99,81.15,78.65,2.37,3.44
231,8/20/17,297.39,8.00,7.00,0.00,0.00,7.64,76.91,78.99,81.15,2.06,3.67
232,8/21/17,325.60,8.00,1.00,0.00,0.00,7.64,78.42,76.91,78.99,2.78,3.89
233,8/22/17,344.99,8.00,2.00,0.00,0.00,7.64,80.51,78.42,76.91,2.46,7.07
234,8/23/17,318.62,8.00,3.00,0.00,0.00,7.64,78.11,80.51,78.42,4.70,6.17
235,8/24/17,282.86,8.00,4.00,0.00,0.00,7.65,72.98,78.11,80.51,4.49,4.92
236,8/25/17,269.45,8.00,5.00,0.00,0.00,7.65,71.07,72.98,78.11,3.11,3.94
237,8/26/17,255.66,8.00,6.00,0.00,0.00,7.65,70.87,71.07,72.98,4.12,5.00
238,8/27/17,241.41,8.00,7.00,0.00,0.00,7.65,69.67,70.87,71.07,4.12,6.36
239,8/28/17,250.26,8.00,1.00,0.00,0.00,7.66,68.32,69.67,70.87,5.63,8.25
240,8/29/17,244.71,8.00,2.00,0.00,0.00,7.66,65.66,68.32,69.67,7.98,10.60
241,8/30/17,253.57,8.00,3.00,0.00,0.00,7.66,68.70,65.66,68.32,5.06,4.63
242,8/31/17,282.64,8.00,4.00,0.00,0.00,7.67,73.39,68.70,65.66,3.43,3.60
243,9/1/17,237.48,9.00,5.00,0.00,0.00,7.67,64.08,73.39,68.70,7.92,7.74
244,9/2/17,217.92,9.00,6.00,0.00,0.00,7.67,62.02,64.08,73.39,7.88,5.36
245,9/3/17,227.52,9.00,7.00,0.00,0.00,7.67,68.02,62.02,64.08,3.25,5.21
246,9/4/17,249.57,9.00,1.00,1.00,0.00,7.68,69.94,68.02,62.02,1.58,5.10
247,9/5/17,285.88,9.00,2.00,0.00,0.00,7.68,73.87,69.94,68.02,2.82,8.22
248,9/6/17,251.76,9.00,3.00,0.00,0.00,7.68,66.21,73.87,69.94,6.92,5.53
249,9/7/17,233.31,9.00,4.00,0.00,0.00,7.68,63.00,66.21,73.87,2.94,5.15
250,9/8/17,228.75,9.00,5.00,0.00,0.00,7.69,62.51,63.00,66.21,1.64,3.28
251,9/9/17,215.94,9.00,6.00,0.00,0.00,7.69,62.35,62.51,63.00,2.05,6.06
252,9/10/17,209.12,9.00,7.00,0.00,0.00,7.69,60.14,62.35,62.51,2.76,7.07
253,9/11/17,227.31,9.00,1.00,0.00,0.00,7.70,61.74,60.14,62.35,3.37,6.64
254,9/12/17,243.06,9.00,2.00,0.00,0.00,7.70,67.08,61.74,60.14,5.52,6.33
255,9/13/17,268.69,9.00,3.00,0.00,0.00,7.70,72.10,67.08,61.74,4.33,4.95
256,9/14/17,269.08,9.00,4.00,0.00,0.00,7.70,71.32,72.10,67.08,4.14,5.21
257,9/15/17,273.42,9.00,5.00,0.00,0.00,7.71,71.35,71.32,72.10,3.68,2.51
258,9/16/17,262.84,9.00,6.00,0.00,0.00,7.71,72.56,71.35,71.32,3.86,2.37
259,9/17/17,260.38,9.00,7.00,0.00,0.00,7.71,71.85,72.56,71.35,6.04,3.69
260,9/18/17,270.20,9.00,1.00,0.00,0.00,7.72,71.29,71.85,72.56,5.31,6.45
261,9/19/17,270.36,9.00,2.00,0.00,0.00,7.72,72.15,71.29,71.85,4.38,7.73
262,9/20/17,282.33,9.00,3.00,0.00,0.00,7.72,73.52,72.15,71.29,2.12,3.74
263,9/21/17,283.55,9.00,4.00,0.00,0.00,7.72,73.13,73.52,72.15,2.17,4.32
264,9/22/17,270.48,9.00,5.00,0.00,0.00,7.73,72.06,73.13,73.52,1.93,2.97
265,9/23/17,256.98,9.00,6.00,0.00,0.00,7.73,71.52,72.06,73.13,1.56,3.47
266,9/24/17,262.34,9.00,7.00,0.00,0.00,7.73,72.81,71.52,72.06,1.32,3.95
267,9/25/17,280.90,9.00,1.00,0.00,0.00,7.73,73.06,72.81,71.52,3.71,5.68
268,9/26/17,278.16,9.00,2.00,0.00,0.00,7.74,73.78,73.06,72.81,4.68,8.80
269,9/27/17,300.08,9.00,3.00,0.00,0.00,7.74,76.72,73.78,73.06,3.22,8.56
270,9/28/17,281.62,9.00,4.00,0.00,0.00,7.74,74.89,76.72,73.78,1.36,7.35
271,9/29/17,233.81,9.00,5.00,0.00,0.00,7.75,64.16,74.89,76.72,1.19,4.63
272,9/30/17,204.79,9.00,6.00,0.00,0.00,7.75,60.91,64.16,74.89,1.50,8.19
273,10/1/17,200.76,10.00,7.00,0.00,0.00,7.75,56.68,60.91,64.16,2.16,5.73
274,10/2/17,219.59,10.00,1.00,0.00,0.00,7.75,57.95,56.68,60.91,2.06,2.42
275,10/3/17,224.73,10.00,2.00,0.00,0.00,7.76,59.80,57.95,56.68,1.62,2.88
276,10/4/17,230.32,10.00,3.00,0.00,0.00,7.76,61.85,59.80,57.95,0.91,3.19
277,10/5/17,241.89,10.00,4.00,0.00,0.00,7.76,66.40,61.85,59.80,1.69,4.14
278,10/6/17,252.70,10.00,5.00,0.00,0.00,7.76,69.26,66.40,61.85,1.70,3.78
279,10/7/17,252.10,10.00,6.00,0.00,0.00,7.77,70.85,69.26,66.40,4.57,5.42
280,10/8/17,271.78,10.00,7.00,0.00,0.00,7.77,75.55,70.85,69.26,5.74,7.49
281,10/9/17,298.42,10.00,1.00,0.00,0.00,7.77,77.24,75.55,70.85,6.05,10.70
282,10/10/17,298.92,10.00,2.00,0.00,0.00,7.78,75.96,77.24,75.55,6.12,3.08
283,10/11/17,282.79,10.00,3.00,0.00,0.00,7.78,74.75,75.96,77.24,6.64,4.03
284,10/12/17,247.41,10.00,4.00,0.00,0.00,7.78,67.05,74.75,75.96,7.99,8.72
285,10/13/17,227.25,10.00,5.00,0.00,0.00,7.78,62.94,67.05,74.75,7.94,7.49
286,10/14/17,216.38,10.00,6.00,0.00,0.00,7.79,64.84,62.94,67.05,6.19,4.63
287,10/15/17,230.09,10.00,7.00,0.00,0.00,7.79,69.16,64.84,62.94,3.29,7.60
288,10/16/17,224.70,10.00,1.00,0.00,0.00,7.79,61.43,69.16,64.84,5.17,9.42
289,10/17/17,217.97,10.00,2.00,0.00,0.00,7.79,50.75,61.43,69.16,0.82,5.28
290,10/18/17,224.12,10.00,3.00,0.00,0.00,7.80,51.65,50.75,61.43,0.66,2.13
291,10/19/17,224.07,10.00,4.00,0.00,0.00,7.80,55.87,51.65,50.75,0.83,2.65
292,10/20/17,220.69,10.00,5.00,0.00,0.00,7.80,59.51,55.87,51.65,1.16,2.27
293,10/21/17,206.76,10.00,6.00,0.00,0.00,7.81,60.33,59.51,55.87,1.44,1.82
294,10/22/17,208.54,10.00,7.00,0.00,0.00,7.81,61.15,60.33,59.51,1.56,2.76
295,10/23/17,231.73,10.00,1.00,0.00,0.00,7.81,66.34,61.15,60.33,5.67,7.90
296,10/24/17,233.73,10.00,2.00,0.00,0.00,7.81,64.26,66.34,61.15,2.86,7.99
297,10/25/17,216.20,10.00,3.00,0.00,0.00,7.82,55.33,64.26,66.34,3.26,4.86
298,10/26/17,222.03,10.00,4.00,0.00,0.00,7.82,50.44,55.33,64.26,2.70,5.44
299,10/27/17,228.51,10.00,5.00,0.00,0.00,7.82,51.31,50.44,55.33,0.46,4.76
300,10/28/17,208.77,10.00,6.00,0.00,0.00,7.82,58.07,51.31,50.44,3.99,6.58
301,10/29/17,209.78,10.00,7.00,0.00,0.00,7.83,58.42,58.07,51.31,7.72,7.57
302,10/30/17,229.56,10.00,1.00,0.00,0.00,7.83,48.50,58.42,58.07,1.03,9.96
303,10/31/17,229.11,10.00,2.00,0.00,0.00,7.83,50.83,48.50,58.42,0.94,4.14
304,11/1/17,231.66,11.00,3.00,0.00,0.00,7.84,53.10,50.83,48.50,2.91,3.17
305,11/2/17,228.54,11.00,4.00,0.00,0.00,7.84,61.75,53.10,50.83,2.10,3.46
306,11/3/17,225.80,11.00,5.00,0.00,0.00,7.84,64.44,61.75,53.10,2.48,4.10
307,11/4/17,207.05,11.00,6.00,0.00,0.00,7.84,54.98,64.44,61.75,7.81,7.29
308,11/5/17,211.85,11.00,7.00,0.00,0.00,7.85,56.99,54.98,64.44,7.14,3.56
309,11/6/17,226.81,11.00,1.00,0.00,0.00,7.85,64.13,56.99,54.98,4.27,6.47
310,11/7/17,236.47,11.00,2.00,0.00,0.00,7.85,49.57,64.13,56.99,7.96,9.11
311,11/8/17,254.01,11.00,3.00,0.00,0.00,7.85,44.52,49.57,64.13,7.81,9.35
312,11/9/17,245.42,11.00,4.00,0.00,0.00,7.86,48.74,44.52,49.57,7.96,5.03
313,11/10/17,251.51,11.00,5.00,0.00,0.00,7.86,43.37,48.74,44.52,2.03,9.59
314,11/11/17,286.94,11.00,6.00,0.00,0.00,7.86,31.79,43.37,48.74,2.34,4.88
315,11/12/17,271.37,11.00,7.00,0.00,0.00,7.87,39.04,31.79,43.37,5.32,1.88
316,11/13/17,263.92,11.00,1.00,0.00,0.00,7.87,43.94,39.04,31.79,6.63,4.12
317,11/14/17,268.17,11.00,2.00,0.00,0.00,7.87,43.52,43.94,39.04,6.16,6.69
318,11/15/17,268.81,11.00,3.00,0.00,0.00,7.87,42.40,43.52,43.94,4.41,3.74
319,11/16/17,246.09,11.00,4.00,0.00,0.00,7.88,49.99,42.40,43.52,1.21,6.85
320,11/17/17,261.15,11.00,5.00,0.00,0.00,7.88,41.58,49.99,42.40,1.15,4.42
321,11/18/17,250.14,11.00,6.00,0.00,0.00,7.88,49.70,41.58,49.99,2.42,10.71
322,11/19/17,223.81,11.00,7.00,0.00,0.00,7.88,52.25,49.70,41.58,3.09,12.71
323,11/20/17,268.73,11.00,1.00,0.00,0.00,7.89,40.36,52.25,49.70,0.71,5.42
324,11/21/17,259.94,11.00,2.00,0.00,0.00,7.89,46.96,40.36,52.25,2.24,6.83
325,11/22/17,238.43,11.00,3.00,0.00,0.00,7.89,50.04,46.96,40.36,2.26,7.97
326,11/23/17,263.55,11.00,4.00,0.00,1.00,7.90,35.02,50.04,46.96,1.71,3.10
327,11/24/17,268.04,11.00,5.00,1.00,0.00,7.90,37.91,35.02,50.04,0.42,2.32
328,11/25/17,243.76,11.00,6.00,0.00,0.00,7.90,47.12,37.91,35.02,1.67,5.21
329,11/26/17,236.31,11.00,7.00,0.00,0.00,7.90,45.65,47.12,37.91,1.21,4.13
330,11/27/17,267.45,11.00,1.00,0.00,0.00,7.91,43.17,45.65,47.12,1.16,2.74
331,11/28/17,263.18,11.00,2.00,0.00,0.00,7.91,45.58,43.17,45.65,0.55,3.38
332,11/29/17,248.34,11.00,3.00,0.00,0.00,7.91,49.97,45.58,43.17,0.93,4.02
333,11/30/17,249.07,11.00,4.00,0.00,0.00,7.92,49.10,49.97,45.58,1.94,3.80
334,12/1/17,247.29,12.00,5.00,0.00,0.00,7.92,46.83,49.10,49.97,0.91,4.96
335,12/2/17,263.61,12.00,6.00,0.00,0.00,7.92,40.79,46.83,49.10,4.32,1.70
336,12/3/17,243.32,12.00,7.00,0.00,0.00,7.92,45.44,40.79,46.83,2.56,2.34
337,12/4/17,270.16,12.00,1.00,0.00,0.00,7.93,42.38,45.44,40.79,2.35,3.25
338,12/5/17,249.03,12.00,2.00,0.00,0.00,7.93,53.53,42.38,45.44,5.86,6.45
339,12/6/17,253.57,12.00,3.00,0.00,0.00,7.93,46.82,53.53,42.38,5.11,6.69
340,12/7/17,274.68,12.00,4.00,0.00,0.00,7.93,41.23,46.82,53.53,2.58,3.81
341,12/8/17,296.98,12.00,5.00,0.00,0.00,7.94,36.73,41.23,46.82,7.75,3.56
342,12/9/17,313.51,12.00,6.00,0.00,0.00,7.94,32.59,36.73,41.23,7.99,5.45
343,12/10/17,302.25,12.00,7.00,0.00,0.00,7.94,33.47,32.59,36.73,1.82,5.87
344,12/11/17,299.85,12.00,1.00,0.00,0.00,7.95,37.55,33.47,32.59,1.39,5.40
345,12/12/17,300.36,12.00,2.00,0.00,0.00,7.95,39.24,37.55,33.47,5.31,10.35
346,12/13/17,346.10,12.00,3.00,0.00,0.00,7.95,29.78,39.24,37.55,2.28,9.50
347,12/14/17,305.15,12.00,4.00,0.00,0.00,7.95,38.67,29.78,39.24,2.46,9.33
348,12/15/17,329.48,12.00,5.00,0.00,0.00,7.96,32.17,38.67,29.78,5.26,5.01
349,12/16/17,310.09,12.00,6.00,0.00,0.00,7.96,35.47,32.17,38.67,1.02,6.16
350,12/17/17,288.96,12.00,7.00,0.00,0.00,7.96,38.32,35.47,32.17,4.86,2.56
351,12/18/17,267.43,12.00,1.00,0.00,0.00,7.96,46.48,38.32,35.47,2.62,4.11
352,12/19/17,257.45,12.00,2.00,0.00,0.00,7.97,49.51,46.48,38.32,1.53,4.76
353,12/20/17,259.81,12.00,3.00,0.00,0.00,7.97,49.70,49.51,46.48,5.23,4.56
354,12/21/17,288.25,12.00,4.00,0.00,0.00,7.97,37.32,49.70,49.51,0.70,3.73
355,12/22/17,269.56,12.00,5.00,0.00,0.00,7.98,45.78,37.32,49.70,4.02,3.75
356,12/23/17,230.73,12.00,6.00,0.00,0.00,7.98,55.65,45.78,37.32,5.23,10.69
357,12/24/17,251.06,12.00,7.00,0.00,0.00,7.98,41.91,55.65,45.78,7.55,7.24
358,12/25/17,279.44,12.00,1.00,0.00,1.00,7.98,34.82,41.91,55.65,1.67,10.28
359,12/26/17,309.23,12.00,2.00,0.00,0.00,7.99,31.72,34.82,41.91,2.59,3.67
360,12/27/17,329.12,12.00,3.00,0.00,0.00,7.99,30.74,31.72,34.82,4.77,6.24
361,12/28/17,391.38,12.00,4.00,0.00,0.00,7.99,19.31,30.74,31.72,2.23,7.50
362,12/29/17,363.54,12.00,5.00,0.00,0.00,7.99,24.85,19.31,30.74,1.88,3.63
363,12/30/17,337.75,12.00,6.00,0.00,0.00,8.00,30.10,24.85,19.31,3.87,6.52
364,12/31/17,383.78,12.00,7.00,0.00,0.00,8.00,20.90,30.10,24.85,6.17,9.92
365,1/1/18,414.49,1.00,1.00,0.00,1.00,8.00,16.50,20.90,30.10,1.32,7.27
366,1/2/18,427.43,1.00,2.00,0.00,0.00,8.01,16.56,16.50,20.90,0.40,4.67
367,1/3/18,410.68,1.00,3.00,0.00,0.00,8.01,21.17,16.56,16.50,4.97,3.44
368,1/4/18,406.52,1.00,4.00,0.00,0.00,8.01,23.42,21.17,16.56,4.55,14.56
369,1/5/18,445.48,1.00,5.00,0.00,0.00,8.01,15.94,23.42,21.17,0.93,10.58
370,1/6/18,456.09,1.00,6.00,0.00,0.00,8.02,12.99,15.94,23.42,0.50,8.47
371,1/7/18,450.50,1.00,7.00,0.00,0.00,8.02,12.09,12.99,15.94,1.45,4.08
372,1/8/18,385.97,1.00,1.00,0.00,0.00,8.02,28.32,12.09,12.99,4.88,7.31
373,1/9/18,314.18,1.00,2.00,0.00,0.00,8.02,38.24,28.32,12.09,1.51,3.24
374,1/10/18,319.54,1.00,3.00,0.00,0.00,8.03,36.74,38.24,28.32,6.38,2.72
375,1/11/18,271.88,1.00,4.00,0.00,0.00,8.03,50.56,36.74,38.24,6.87,4.17
376,1/12/18,235.29,1.00,5.00,0.00,0.00,8.03,63.92,50.56,36.74,7.70,10.67
377,1/13/18,274.03,1.00,6.00,0.00,0.00,8.04,39.44,63.92,50.56,4.63,12.75
378,1/14/18,373.69,1.00,7.00,0.00,0.00,8.04,21.56,39.44,63.92,1.65,9.89
379,1/15/18,379.49,1.00,1.00,1.00,0.00,8.04,23.76,21.56,39.44,3.67,5.32
380,1/16/18,343.25,1.00,2.00,0.00,0.00,8.04,31.72,23.76,21.56,4.39,2.19
381,1/17/18,371.45,1.00,3.00,0.00,0.00,8.05,27.04,31.72,23.76,7.34,9.33
382,1/18/18,373.40,1.00,4.00,0.00,0.00,8.05,27.19,27.04,31.72,0.55,8.22
383,1/19/18,320.11,1.00,5.00,0.00,0.00,8.05,36.83,27.19,27.04,1.30,5.55
384,1/20/18,276.70,1.00,6.00,0.00,0.00,8.05,44.83,36.83,27.19,1.23,7.38
385,1/21/18,254.33,1.00,7.00,0.00,0.00,8.06,47.36,44.83,36.83,3.62,3.91
386,1/22/18,244.87,1.00,1.00,0.00,0.00,8.06,54.13,47.36,44.83,2.52,6.27
387,1/23/18,237.31,1.00,2.00,0.00,0.00,8.06,57.54,54.13,47.36,3.66,11.39
388,1/24/18,270.80,1.00,3.00,0.00,0.00,8.07,42.65,57.54,54.13,4.45,7.81
389,1/25/18,300.08,1.00,4.00,0.00,0.00,8.07,35.33,42.65,57.54,1.22,4.83
390,1/26/18,308.79,1.00,5.00,0.00,0.00,8.07,36.33,35.33,42.65,0.90,3.56
391,1/27/18,259.17,1.00,6.00,0.00,0.00,8.07,47.67,36.33,35.33,3.35,8.52
392,1/28/18,235.17,1.00,7.00,0.00,0.00,8.08,52.45,47.67,36.33,7.96,5.56
393,1/29/18,279.37,1.00,1.00,0.00,0.00,8.08,41.44,52.45,47.67,7.64,8.69
394,1/30/18,332.14,1.00,2.00,0.00,0.00,8.08,31.49,41.44,52.45,3.65,10.10
395,1/31/18,345.43,1.00,3.00,0.00,0.00,8.08,29.60,31.49,41.44,1.71,6.72
396,2/1/18,288.09,2.00,4.00,0.00,0.00,8.09,45.01,29.60,31.49,3.40,11.21
397,2/2/18,311.48,2.00,5.00,0.00,0.00,8.09,33.28,45.01,29.60,2.83,11.15
398,2/3/18,350.72,2.00,6.00,0.00,0.00,8.09,25.26,33.28,45.01,2.36,5.89
399,2/4/18,311.77,2.00,7.00,0.00,0.00,8.10,36.06,25.26,33.28,7.62,5.71
400,2/5/18,311.03,2.00,1.00,0.00,0.00,8.10,34.56,36.06,25.26,1.18,6.19
401,2/6/18,314.14,2.00,2.00,0.00,0.00,8.10,36.74,34.56,36.06,6.63,4.83
402,2/7/18,298.48,2.00,3.00,0.00,0.00,8.10,41.27,36.74,34.56,7.25,6.97
403,2/8/18,310.65,2.00,4.00,0.00,0.00,8.11,34.06,41.27,36.74,1.14,6.91
404,2/9/18,309.99,2.00,5.00,0.00,0.00,8.11,36.83,34.06,41.27,2.30,4.39
405,2/10/18,264.43,2.00,6.00,0.00,0.00,8.11,46.93,36.83,34.06,7.28,3.33
406,2/11/18,227.36,2.00,7.00,0.00,0.00,8.12,62.10,46.93,36.83,6.88,10.19
407,2/12/18,252.10,2.00,1.00,0.00,0.00,8.12,49.92,62.10,46.93,6.85,9.72
408,2/13/18,304.05,2.00,2.00,0.00,0.00,8.12,36.31,49.92,62.10,7.48,6.08
409,2/14/18,278.95,2.00,3.00,0.00,0.00,8.12,43.87,36.31,49.92,4.24,6.31
410,2/15/18,237.57,2.00,4.00,0.00,0.00,8.13,61.56,43.87,36.31,3.38,11.67
411,2/16/18,226.79,2.00,5.00,0.00,0.00,8.13,60.16,61.56,43.87,6.95,9.46
412,2/17/18,271.96,2.00,6.00,0.00,0.00,8.13,37.74,60.16,61.56,6.87,6.44
413,2/18/18,256.95,2.00,7.00,0.00,0.00,8.13,41.85,37.74,60.16,2.09,4.40
414,2/19/18,272.25,2.00,1.00,1.00,0.00,8.14,45.15,41.85,37.74,7.65,4.56
415,2/20/18,237.45,2.00,2.00,0.00,0.00,8.14,59.76,45.15,41.85,4.54,7.44
416,2/21/18,231.22,2.00,3.00,0.00,0.00,8.14,66.19,59.76,45.15,5.31,8.70
417,2/22/18,228.82,2.00,4.00,0.00,0.00,8.15,59.33,66.19,59.76,6.81,8.95
418,2/23/18,249.34,2.00,5.00,0.00,0.00,8.15,46.37,59.33,66.19,7.53,5.06
419,2/24/18,226.46,2.00,6.00,0.00,0.00,8.15,57.76,46.37,59.33,6.17,6.21
420,2/25/18,220.89,2.00,7.00,0.00,0.00,8.15,58.35,57.76,46.37,5.35,6.30
421,2/26/18,243.08,2.00,1.00,0.00,0.00,8.16,49.94,58.35,57.76,7.23,3.94
422,2/27/18,256.83,2.00,2.00,0.00,0.00,8.16,44.26,49.94,58.35,0.50,3.91
423,2/28/18,255.33,2.00,3.00,0.00,0.00,8.16,49.33,44.26,49.94,4.65,7.90
424,3/1/18,244.58,3.00,4.00,0.00,0.00,8.16,51.75,49.33,44.26,7.99,3.77
425,3/2/18,251.40,3.00,5.00,0.00,0.00,8.17,45.69,51.75,49.33,3.88,20.81
426,3/3/18,256.23,3.00,6.00,0.00,0.00,8.17,42.40,45.69,51.75,1.34,15.66
427,3/4/18,256.74,3.00,7.00,0.00,0.00,8.17,42.23,42.40,45.69,0.64,12.04
428,3/5/18,284.03,3.00,1.00,0.00,0.00,8.18,38.34,42.23,42.40,0.69,8.51
429,3/6/18,301.20,3.00,2.00,0.00,0.00,8.18,36.28,38.34,42.23,7.59,4.59
430,3/7/18,276.81,3.00,3.00,0.00,0.00,8.18,41.67,36.28,38.34,5.83,8.40
431,3/8/18,291.62,3.00,4.00,0.00,0.00,8.18,36.83,41.67,36.28,4.81,7.20
432,3/9/18,292.96,3.00,5.00,0.00,0.00,8.19,35.99,36.83,41.67,1.34,7.90
433,3/10/18,279.67,3.00,6.00,0.00,0.00,8.19,37.57,35.99,36.83,6.93,2.55
434,3/11/18,269.02,3.00,7.00,0.00,0.00,8.19,39.22,37.57,35.99,4.23,5.22
435,3/12/18,307.70,3.00,1.00,0.00,0.00,8.19,36.05,39.22,37.57,7.92,9.29
436,3/13/18,300.85,3.00,2.00,0.00,0.00,8.20,37.42,36.05,39.22,2.99,10.53
437,3/14/18,306.33,3.00,3.00,0.00,0.00,8.20,34.53,37.42,36.05,3.70,10.23
438,3/15/18,288.67,3.00,4.00,0.00,0.00,8.20,41.49,34.53,37.42,1.50,9.88
439,3/16/18,271.80,3.00,5.00,0.00,0.00,8.21,41.80,41.49,34.53,0.92,7.54
440,3/17/18,275.83,3.00,6.00,0.00,0.00,8.21,38.38,41.80,41.49,5.58,3.64
441,3/18/18,242.65,3.00,7.00,0.00,0.00,8.21,45.08,38.38,41.80,0.59,5.16
442,3/19/18,259.99,3.00,1.00,0.00,0.00,8.21,46.28,45.08,38.38,6.07,4.42
443,3/20/18,290.22,3.00,2.00,0.00,0.00,8.22,39.13,46.28,45.08,8.00,12.61
444,3/21/18,324.51,3.00,3.00,0.00,0.00,8.22,33.20,39.13,46.28,8.00,8.20
445,3/22/18,293.39,3.00,4.00,0.00,0.00,8.22,39.40,33.20,39.13,2.19,9.00
446,3/23/18,278.53,3.00,5.00,0.00,0.00,8.22,40.44,39.40,33.20,2.18,7.49
447,3/24/18,266.03,3.00,6.00,0.00,0.00,8.23,38.90,40.44,39.40,2.72,5.50
448,3/25/18,260.25,3.00,7.00,0.00,0.00,8.23,39.87,38.90,40.44,2.14,8.90
449,3/26/18,276.56,3.00,1.00,0.00,0.00,8.23,39.72,39.87,38.90,2.70,8.74
450,3/27/18,286.68,3.00,2.00,0.00,0.00,8.24,38.32,39.72,39.87,6.92,4.85
451,3/28/18,246.85,3.00,3.00,0.00,0.00,8.24,53.87,38.32,39.72,4.46,5.41
452,3/29/18,226.46,3.00,4.00,0.00,0.00,8.24,66.16,53.87,38.32,2.25,9.36
453,3/30/18,217.36,3.00,5.00,0.00,0.00,8.24,63.07,66.16,53.87,5.33,13.72
454,3/31/18,214.81,3.00,6.00,0.00,0.00,8.25,48.78,63.07,66.16,0.97,7.12
455,4/1/18,210.65,4.00,7.00,0.00,0.00,8.25,55.59,48.78,63.07,3.73,6.83
456,4/2/18,228.27,4.00,1.00,0.00,0.00,8.25,50.81,55.59,48.78,5.82,8.35
457,4/3/18,240.28,4.00,2.00,0.00,0.00,8.25,50.61,50.81,55.59,5.79,5.85
458,4/4/18,226.96,4.00,3.00,0.00,0.00,8.26,60.38,50.61,50.81,4.23,14.20
459,4/5/18,245.24,4.00,4.00,0.00,0.00,8.26,44.23,60.38,50.61,1.19,6.78
460,4/6/18,236.48,4.00,5.00,0.00,0.00,8.26,55.60,44.23,60.38,2.19,11.84
461,4/7/18,240.52,4.00,6.00,0.00,0.00,8.27,44.93,55.60,44.23,8.00,10.57
462,4/8/18,254.38,4.00,7.00,0.00,0.00,8.27,40.37,44.93,55.60,1.37,8.03
463,4/9/18,270.61,4.00,1.00,0.00,0.00,8.27,40.97,40.37,44.93,7.23,5.96
464,4/10/18,250.48,4.00,2.00,0.00,0.00,8.27,45.99,40.97,40.37,2.95,6.08
465,4/11/18,246.10,4.00,3.00,0.00,0.00,8.28,47.08,45.99,40.97,4.20,4.27
466,4/12/18,234.04,4.00,4.00,0.00,0.00,8.28,58.87,47.08,45.99,2.50,12.45
467,4/13/18,227.43,4.00,5.00,0.00,0.00,8.28,69.37,58.87,47.08,1.34,13.49
468,4/14/18,228.14,4.00,6.00,0.00,0.00,8.28,70.99,69.37,58.87,2.53,12.90
469,4/15/18,219.69,4.00,7.00,0.00,0.00,8.29,66.57,70.99,69.37,6.67,9.99
470,4/16/18,224.34,4.00,1.00,0.00,0.00,8.29,54.60,66.57,70.99,6.81,12.36
471,4/17/18,246.48,4.00,2.00,0.00,0.00,8.29,44.45,54.60,66.57,4.82,10.08
472,4/18/18,238.53,4.00,3.00,0.00,0.00,8.30,52.31,44.45,54.60,1.76,6.03
473,4/19/18,225.05,4.00,4.00,0.00,0.00,8.30,54.63,52.31,44.45,4.49,10.34
474,4/20/18,235.05,4.00,5.00,0.00,0.00,8.30,47.85,54.63,52.31,0.01,7.44
475,4/21/18,219.05,4.00,6.00,0.00,0.00,8.30,49.31,47.85,54.63,1.41,3.64
476,4/22/18,207.50,4.00,7.00,0.00,0.00,8.31,54.83,49.31,47.85,2.18,5.03
477,4/23/18,218.73,4.00,1.00,0.00,0.00,8.31,56.64,54.83,49.31,3.37,7.65
478,4/24/18,228.24,4.00,2.00,0.00,0.00,8.31,55.61,56.64,54.83,7.93,9.90
479,4/25/18,224.40,4.00,3.00,0.00,0.00,8.32,59.53,55.61,56.64,7.44,5.84
480,4/26/18,220.31,4.00,4.00,0.00,0.00,8.32,60.35,59.53,55.61,2.94,5.08
481,4/27/18,217.36,4.00,5.00,0.00,0.00,8.32,60.12,60.35,59.53,6.19,4.84
482,4/28/18,207.91,4.00,6.00,0.00,0.00,8.32,62.43,60.12,60.35,2.64,6.39
483,4/29/18,200.13,4.00,7.00,0.00,0.00,8.33,53.67,62.43,60.12,1.73,10.35
484,4/30/18,222.50,4.00,1.00,0.00,0.00,8.33,55.21,53.67,62.43,0.40,6.26
485,5/1/18,226.94,5.00,2.00,0.00,0.00,8.33,62.57,55.21,53.67,0.24,3.83
486,5/2/18,245.29,5.00,3.00,0.00,0.00,8.33,70.36,62.57,55.21,0.89,6.69
487,5/3/18,269.61,5.00,4.00,0.00,0.00,8.34,74.61,70.36,62.57,1.35,9.88
488,5/4/18,275.83,5.00,5.00,0.00,0.00,8.34,75.70,74.61,70.36,2.01,9.88
489,5/5/18,228.16,5.00,6.00,0.00,0.00,8.34,67.33,75.70,74.61,5.40,6.94
490,5/6/18,214.93,5.00,7.00,0.00,0.00,8.35,63.15,67.33,75.70,6.74,4.44
491,5/7/18,228.64,5.00,1.00,0.00,0.00,8.35,61.74,63.15,67.33,5.18,6.26
492,5/8/18,231.17,5.00,2.00,0.00,0.00,8.35,61.97,61.74,63.15,4.50,5.72
493,5/9/18,232.95,5.00,3.00,0.00,0.00,8.35,63.63,61.97,61.74,2.85,4.13
494,5/10/18,241.73,5.00,4.00,0.00,0.00,8.36,67.23,63.63,61.97,2.85,7.68
495,5/11/18,258.35,5.00,5.00,0.00,0.00,8.36,71.33,67.23,63.63,1.31,4.58
496,5/12/18,275.26,5.00,6.00,0.00,0.00,8.36,77.22,71.33,67.23,1.72,7.44
497,5/13/18,252.90,5.00,7.00,0.00,0.00,8.36,72.78,77.22,71.33,2.54,6.35
498,5/14/18,270.46,5.00,1.00,0.00,0.00,8.37,72.74,72.78,77.22,2.50,4.26
499,5/15/18,288.02,5.00,2.00,0.00,0.00,8.37,74.14,72.74,72.78,2.44,9.29
500,5/16/18,267.81,5.00,3.00,0.00,0.00,8.37,71.58,74.14,72.74,6.56,4.61
501,5/17/18,254.46,5.00,4.00,0.00,0.00,8.38,69.94,71.58,74.14,7.32,6.23
502,5/18/18,251.37,5.00,5.00,0.00,0.00,8.38,69.11,69.94,71.58,7.08,8.24
503,5/19/18,233.76,5.00,6.00,0.00,0.00,8.38,67.10,69.11,69.94,7.16,6.90
504,5/20/18,269.95,5.00,7.00,0.00,0.00,8.38,75.88,67.10,69.11,4.13,8.01
505,5/21/18,274.24,5.00,1.00,0.00,0.00,8.39,72.01,75.88,67.10,4.73,5.16
506,5/22/18,268.05,5.00,2.00,0.00,0.00,8.39,71.13,72.01,75.88,5.72,5.06
507,5/23/18,284.81,5.00,3.00,0.00,0.00,8.39,75.08,71.13,72.01,2.82,6.78
508,5/24/18,272.18,5.00,4.00,0.00,0.00,8.39,71.77,75.08,71.13,0.99,4.17
509,5/25/18,280.15,5.00,5.00,0.00,0.00,8.40,72.73,71.77,75.08,2.25,5.78
510,5/26/18,290.91,5.00,6.00,0.00,0.00,8.40,76.38,72.73,71.77,3.73,7.67
511,5/27/18,283.62,5.00,7.00,0.00,0.00,8.40,76.40,76.38,72.73,4.32,7.31
512,5/28/18,260.59,5.00,1.00,1.00,0.00,8.41,72.13,76.40,76.38,5.89,4.40
513,5/29/18,279.24,5.00,2.00,0.00,0.00,8.41,72.99,72.13,76.40,6.99,2.93
514,5/30/18,283.56,5.00,3.00,0.00,0.00,8.41,74.47,72.99,72.13,6.60,5.09
515,5/31/18,295.11,5.00,4.00,0.00,0.00,8.41,75.78,74.47,72.99,5.94,6.37
516,6/1/18,315.71,6.00,5.00,0.00,0.00,8.42,78.03,75.78,74.47,3.03,4.26
517,6/2/18,285.74,6.00,6.00,0.00,0.00,8.42,74.44,78.03,75.78,5.60,4.62
518,6/3/18,244.88,6.00,7.00,0.00,0.00,8.42,69.13,74.44,78.03,6.99,6.74
519,6/4/18,250.69,6.00,1.00,0.00,0.00,8.42,68.50,69.13,74.44,2.64,5.75
520,6/5/18,261.31,6.00,2.00,0.00,0.00,8.43,70.83,68.50,69.13,2.25,5.38
521,6/6/18,257.45,6.00,3.00,0.00,0.00,8.43,69.18,70.83,68.50,3.63,5.80
522,6/7/18,261.15,6.00,4.00,0.00,0.00,8.43,68.72,69.18,70.83,2.87,4.56
523,6/8/18,285.22,6.00,5.00,0.00,0.00,8.44,73.15,68.72,69.18,3.07,3.60
524,6/9/18,293.02,6.00,6.00,0.00,0.00,8.44,76.84,73.15,68.72,2.94,5.02
525,6/10/18,277.24,6.00,7.00,0.00,0.00,8.44,74.11,76.84,73.15,3.60,4.66
526,6/11/18,245.70,6.00,1.00,0.00,0.00,8.44,65.33,74.11,76.84,7.74,6.84
527,6/12/18,245.26,6.00,2.00,0.00,0.00,8.45,66.00,65.33,74.11,6.76,5.58
528,6/13/18,288.26,6.00,3.00,0.00,0.00,8.45,74.49,66.00,65.33,4.52,7.14
529,6/14/18,306.56,6.00,4.00,0.00,0.00,8.45,77.53,74.49,66.00,2.03,6.07
530,6/15/18,283.36,6.00,5.00,0.00,0.00,8.45,73.48,77.53,74.49,1.94,4.03
531,6/16/18,275.06,6.00,6.00,0.00,0.00,8.46,74.04,73.48,77.53,1.99,2.81
532,6/17/18,298.79,6.00,7.00,0.00,0.00,8.46,78.34,74.04,73.48,3.09,3.28
533,6/18/18,342.44,6.00,1.00,0.00,0.00,8.46,80.67,78.34,74.04,2.37,3.15
534,6/19/18,352.24,6.00,2.00,0.00,0.00,8.47,82.77,80.67,78.34,2.22,5.66
535,6/20/18,320.45,6.00,3.00,0.00,0.00,8.47,77.69,82.77,80.67,3.97,4.08
536,6/21/18,317.91,6.00,4.00,0.00,0.00,8.47,77.73,77.69,82.77,3.44,4.48
537,6/22/18,287.09,6.00,5.00,0.00,0.00,8.47,73.60,77.73,77.69,6.00,6.60
538,6/23/18,282.71,6.00,6.00,0.00,0.00,8.48,75.28,73.60,77.73,4.19,5.53
539,6/24/18,300.51,6.00,7.00,0.00,0.00,8.48,78.07,75.28,73.60,3.40,4.59
540,6/25/18,300.40,6.00,1.00,0.00,0.00,8.48,75.37,78.07,75.28,3.42,4.71
541,6/26/18,275.10,6.00,2.00,0.00,0.00,8.48,71.93,75.37,78.07,3.97,5.37
542,6/27/18,291.71,6.00,3.00,0.00,0.00,8.49,74.39,71.93,75.37,4.74,6.14
543,6/28/18,329.27,6.00,4.00,0.00,0.00,8.49,79.85,74.39,71.93,3.04,5.88
544,6/29/18,328.86,6.00,5.00,0.00,0.00,8.49,79.07,79.85,74.39,2.11,3.47
545,6/30/18,322.86,6.00,6.00,0.00,0.00,8.50,79.74,79.07,79.85,1.53,2.53
546,7/1/18,336.69,7.00,7.00,0.00,0.00,8.50,81.72,79.74,79.07,1.93,3.58
547,7/2/18,371.51,7.00,1.00,0.00,0.00,8.50,83.40,81.72,79.74,2.37,3.42
548,7/3/18,369.39,7.00,2.00,0.00,0.00,8.50,83.09,83.40,81.72,2.24,3.56
549,7/4/18,342.10,7.00,3.00,0.00,1.00,8.51,81.24,83.09,83.40,3.48,4.52
550,7/5/18,351.16,7.00,4.00,0.00,0.00,8.51,81.01,81.24,83.09,3.54,3.19
551,7/6/18,336.31,7.00,5.00,0.00,0.00,8.51,79.31,81.01,81.24,3.45,5.86
552,7/7/18,267.54,7.00,6.00,0.00,0.00,8.52,72.40,79.31,81.01,3.74,10.09
553,7/8/18,252.90,7.00,7.00,0.00,0.00,8.52,69.58,72.40,79.31,1.07,7.36
554,7/9/18,277.97,7.00,1.00,0.00,0.00,8.52,70.87,69.58,72.40,0.89,3.49
555,7/10/18,309.79,7.00,2.00,0.00,0.00,8.52,76.54,70.87,69.58,1.31,3.18
556,7/11/18,329.35,7.00,3.00,0.00,0.00,8.53,79.17,76.54,70.87,2.72,4.90
557,7/12/18,313.74,7.00,4.00,0.00,0.00,8.53,76.75,79.17,76.54,3.49,6.37
558,7/13/18,302.79,7.00,5.00,0.00,0.00,8.53,74.85,76.75,79.17,3.41,5.29
559,7/14/18,287.17,7.00,6.00,0.00,0.00,8.53,74.83,74.85,76.75,1.53,3.91
560,7/15/18,295.55,7.00,7.00,0.00,0.00,8.54,77.43,74.83,74.85,2.52,4.55
561,7/16/18,333.57,7.00,1.00,0.00,0.00,8.54,79.74,77.43,74.83,2.63,5.38
562,7/17/18,336.66,7.00,2.00,0.00,0.00,8.54,79.33,79.74,77.43,3.28,6.95
563,7/18/18,304.41,7.00,3.00,0.00,0.00,8.55,76.13,79.33,79.74,2.67,6.09
564,7/19/18,296.76,7.00,4.00,0.00,0.00,8.55,74.21,76.13,79.33,2.42,3.78
565,7/20/18,296.84,7.00,5.00,0.00,0.00,8.55,74.95,74.21,76.13,3.06,5.01
566,7/21/18,256.61,7.00,6.00,0.00,0.00,8.55,71.47,74.95,74.21,5.48,7.67
567,7/22/18,265.90,7.00,7.00,0.00,0.00,8.56,72.08,71.47,74.95,4.62,5.08
568,7/23/18,299.46,7.00,1.00,0.00,0.00,8.56,75.47,72.08,71.47,4.96,6.94
569,7/24/18,293.67,7.00,2.00,0.00,0.00,8.56,74.82,75.47,72.08,4.91,6.37
570,7/25/18,294.59,7.00,3.00,0.00,0.00,8.56,74.72,74.82,75.47,4.85,4.39
571,7/26/18,314.43,7.00,4.00,0.00,0.00,8.57,76.51,74.72,74.82,3.49,3.65
572,7/27/18,322.39,7.00,5.00,0.00,0.00,8.57,78.29,76.51,74.72,3.40,3.92
573,7/28/18,297.68,7.00,6.00,0.00,0.00,8.57,76.79,78.29,76.51,3.55,3.85
574,7/29/18,287.11,7.00,7.00,0.00,0.00,8.58,75.91,76.79,78.29,3.94,4.47
575,7/30/18,280.90,7.00,1.00,0.00,0.00,8.58,73.16,75.91,76.79,5.14,3.95
576,7/31/18,296.06,7.00,2.00,0.00,0.00,8.58,74.83,73.16,75.91,5.41,3.65
577,8/1/18,326.56,8.00,3.00,0.00,0.00,8.58,78.10,74.83,73.16,4.39,9.11
578,8/2/18,310.12,8.00,4.00,0.00,0.00,8.59,75.97,78.10,74.83,4.75,6.26
579,8/3/18,299.69,8.00,5.00,0.00,0.00,8.59,75.03,75.97,78.10,4.55,6.84
580,8/4/18,306.17,8.00,6.00,0.00,0.00,8.59,77.44,75.03,75.97,3.54,4.63
581,8/5/18,316.78,8.00,7.00,0.00,0.00,8.59,79.45,77.44,75.03,2.31,2.50
582,8/6/18,333.70,8.00,1.00,0.00,0.00,8.60,78.98,79.45,77.44,1.74,2.73
583,8/7/18,342.42,8.00,2.00,0.00,0.00,8.60,79.69,78.98,79.45,2.62,3.87
584,8/8/18,348.37,8.00,3.00,0.00,0.00,8.60,80.40,79.69,78.98,1.95,4.88
585,8/9/18,340.39,8.00,4.00,0.00,0.00,8.61,79.57,80.40,79.69,2.57,4.21
586,8/10/18,330.96,8.00,5.00,0.00,0.00,8.61,78.45,79.57,80.40,2.09,2.74
587,8/11/18,308.06,8.00,6.00,0.00,0.00,8.61,77.28,78.45,79.57,3.97,3.22
588,8/12/18,287.94,8.00,7.00,0.00,0.00,8.61,74.33,77.28,78.45,3.67,3.43
589,8/13/18,296.67,8.00,1.00,0.00,0.00,8.62,72.74,74.33,77.28,4.64,3.95
590,8/14/18,296.75,8.00,2.00,0.00,0.00,8.62,73.35,72.74,74.33,2.08,4.27
591,8/15/18,318.94,8.00,3.00,0.00,0.00,8.62,76.93,73.35,72.74,1.69,3.12
592,8/16/18,333.27,8.00,4.00,0.00,0.00,8.62,78.81,76.93,73.35,2.06,2.88
593,8/17/18,345.73,8.00,5.00,0.00,0.00,8.63,80.51,78.81,76.93,2.29,5.56
594,8/18/18,313.95,8.00,6.00,0.00,0.00,8.63,76.99,80.51,78.81,4.07,6.35
595,8/19/18,295.42,8.00,7.00,0.00,0.00,8.63,75.60,76.99,80.51,4.21,4.42
596,8/20/18,298.94,8.00,1.00,0.00,0.00,8.64,74.90,75.60,76.99,5.24,5.13
597,8/21/18,310.17,8.00,2.00,0.00,0.00,8.64,76.81,74.90,75.60,4.82,5.97
598,8/22/18,307.71,8.00,3.00,0.00,0.00,8.64,75.90,76.81,74.90,3.54,6.47
599,8/23/18,268.34,8.00,4.00,0.00,0.00,8.64,69.45,75.90,76.81,1.68,6.24
600,8/24/18,265.86,8.00,5.00,0.00,0.00,8.65,68.51,69.45,75.90,1.94,3.43
601,8/25/18,259.05,8.00,6.00,0.00,0.00,8.65,70.42,68.51,69.45,3.07,2.99
602,8/26/18,283.95,8.00,7.00,0.00,0.00,8.65,74.52,70.42,68.51,1.99,3.92
603,8/27/18,335.79,8.00,1.00,0.00,0.00,8.65,78.79,74.52,70.42,2.40,2.74
604,8/28/18,355.42,8.00,2.00,0.00,0.00,8.66,80.79,78.79,74.52,2.19,4.28
605,8/29/18,364.23,8.00,3.00,0.00,0.00,8.66,81.97,80.79,78.79,1.91,5.39
606,8/30/18,350.97,8.00,4.00,0.00,0.00,8.66,80.07,81.97,80.79,2.75,4.75
607,8/31/18,328.88,8.00,5.00,0.00,0.00,8.67,76.90,80.07,81.97,4.23,3.28
608,9/1/18,299.61,9.00,6.00,0.00,0.00,8.67,75.72,76.90,80.07,3.56,2.87
609,9/2/18,304.64,9.00,7.00,0.00,0.00,8.67,77.47,75.72,76.90,2.31,2.18
610,9/3/18,336.73,9.00,1.00,1.00,0.00,8.67,80.28,77.47,75.72,2.17,2.10
611,9/4/18,350.82,9.00,2.00,0.00,0.00,8.68,80.66,80.28,77.47,2.07,2.50
612,9/5/18,351.95,9.00,3.00,0.00,0.00,8.68,79.91,80.66,80.28,2.29,2.27
613,9/6/18,352.79,9.00,4.00,0.00,0.00,8.68,80.25,79.91,80.66,1.52,2.92
614,9/7/18,335.62,9.00,5.00,0.00,0.00,8.68,78.56,80.25,79.91,2.37,3.22
615,9/8/18,278.74,9.00,6.00,0.00,0.00,8.69,73.06,78.56,80.25,5.08,6.01
616,9/9/18,251.40,9.00,7.00,0.00,0.00,8.69,67.24,73.06,78.56,5.60,7.49
617,9/10/18,276.61,9.00,1.00,0.00,0.00,8.69,70.55,67.24,73.06,6.16,4.24
618,9/11/18,291.25,9.00,2.00,0.00,0.00,8.70,73.94,70.55,67.24,5.43,3.92
619,9/12/18,301.70,9.00,3.00,0.00,0.00,8.70,75.06,73.94,70.55,5.42,4.88
620,9/13/18,297.04,9.00,4.00,0.00,0.00,8.70,75.99,75.06,73.94,6.16,9.81
621,9/14/18,283.70,9.00,5.00,0.00,0.00,8.70,75.35,75.99,75.06,6.09,11.37
622,9/15/18,272.18,9.00,6.00,0.00,0.00,8.71,74.69,75.35,75.99,5.47,10.60
623,9/16/18,270.59,9.00,7.00,0.00,0.00,8.71,73.97,74.69,75.35,4.69,8.62
624,9/17/18,293.52,9.00,1.00,0.00,0.00,8.71,76.46,73.97,74.69,4.88,8.70
625,9/18/18,304.20,9.00,2.00,0.00,0.00,8.72,76.31,76.46,73.97,4.57,7.63
626,9/19/18,301.27,9.00,3.00,0.00,0.00,8.72,75.10,76.31,76.46,1.89,4.48
627,9/20/18,289.60,9.00,4.00,0.00,0.00,8.72,73.54,75.10,76.31,4.22,3.70
628,9/21/18,276.84,9.00,5.00,0.00,0.00,8.72,73.53,73.54,75.10,3.89,6.24
629,9/22/18,268.67,9.00,6.00,0.00,0.00,8.73,72.99,73.53,73.54,4.19,7.16
630,9/23/18,240.13,9.00,7.00,0.00,0.00,8.73,65.17,72.99,73.53,6.81,5.69
631,9/24/18,249.67,9.00,1.00,0.00,0.00,8.73,66.62,65.17,72.99,6.94,6.29
632,9/25/18,276.52,9.00,2.00,0.00,0.00,8.73,72.64,66.62,65.17,5.15,3.61
633,9/26/18,302.92,9.00,3.00,0.00,0.00,8.74,75.53,72.64,66.62,3.98,4.80
634,9/27/18,256.67,9.00,4.00,0.00,0.00,8.74,66.71,75.53,72.64,6.79,5.97
635,9/28/18,249.13,9.00,5.00,0.00,0.00,8.74,67.28,66.71,75.53,3.63,4.47
636,9/29/18,235.26,9.00,6.00,0.00,0.00,8.75,66.53,67.28,66.71,2.64,2.04
637,9/30/18,232.25,9.00,7.00,0.00,0.00,8.75,66.65,66.53,67.28,4.31,2.82
638,10/1/18,263.35,10.00,1.00,0.00,0.00,8.75,70.42,66.65,66.53,2.14,3.69
639,10/2/18,277.02,10.00,2.00,0.00,0.00,8.75,72.12,70.42,66.65,2.73,5.81
640,10/3/18,291.79,10.00,3.00,0.00,0.00,8.76,74.55,72.12,70.42,1.80,3.49
641,10/4/18,302.31,10.00,4.00,0.00,0.00,8.76,75.60,74.55,72.12,2.13,3.30
642,10/5/18,276.82,10.00,5.00,0.00,0.00,8.76,72.72,75.60,74.55,4.94,5.13
643,10/6/18,255.83,10.00,6.00,0.00,0.00,8.76,71.87,72.72,75.60,5.43,3.94
644,10/7/18,276.69,10.00,7.00,0.00,0.00,8.77,74.74,71.87,72.72,2.52,2.58
645,10/8/18,294.35,10.00,1.00,0.00,0.00,8.77,74.33,74.74,71.87,4.35,3.44
646,10/9/18,293.32,10.00,2.00,0.00,0.00,8.77,73.98,74.33,74.74,4.29,4.40
647,10/10/18,292.45,10.00,3.00,0.00,0.00,8.78,74.24,73.98,74.33,4.20,4.67
648,10/11/18,292.32,10.00,4.00,0.00,0.00,8.78,74.31,74.24,73.98,5.27,8.86
649,10/12/18,215.43,10.00,5.00,0.00,0.00,8.78,60.81,74.31,74.24,1.36,7.62
650,10/13/18,204.62,10.00,6.00,0.00,0.00,8.78,55.28,60.81,74.31,3.97,4.76
651,10/14/18,209.92,10.00,7.00,0.00,0.00,8.79,54.00,55.28,60.81,5.11,2.92
652,10/15/18,238.50,10.00,1.00,0.00,0.00,8.79,66.53,54.00,55.28,4.34,7.86
653,10/16/18,229.15,10.00,2.00,0.00,0.00,8.79,61.79,66.53,54.00,4.99,6.09
654,10/17/18,225.63,10.00,3.00,0.00,0.00,8.79,59.80,61.79,66.53,1.73,5.53
655,10/18/18,224.26,10.00,4.00,0.00,0.00,8.80,51.62,59.80,61.79,1.30,5.69
656,10/19/18,230.82,10.00,5.00,0.00,0.00,8.80,50.97,51.62,59.80,1.19,4.85
657,10/20/18,214.66,10.00,6.00,0.00,0.00,8.80,59.42,50.97,51.62,4.26,7.62
658,10/21/18,220.05,10.00,7.00,0.00,0.00,8.81,48.81,59.42,50.97,2.44,10.53
659,10/22/18,249.56,10.00,1.00,0.00,0.00,8.81,45.26,48.81,59.42,1.87,4.67
660,10/23/18,236.79,10.00,2.00,0.00,0.00,8.81,54.07,45.26,48.81,1.24,6.65
661,10/24/18,235.21,10.00,3.00,0.00,0.00,8.81,49.77,54.07,45.26,1.49,7.57
662,10/25/18,250.84,10.00,4.00,0.00,0.00,8.82,44.15,49.77,54.07,1.80,3.57
663,10/26/18,257.25,10.00,5.00,0.00,0.00,8.82,45.62,44.15,49.77,5.25,4.77
664,10/27/18,229.15,10.00,6.00,0.00,0.00,8.82,52.92,45.62,44.15,6.54,7.70
665,10/28/18,222.74,10.00,7.00,0.00,0.00,8.82,53.10,52.92,45.62,4.07,7.79
666,10/29/18,235.27,10.00,1.00,0.00,0.00,8.83,53.10,53.10,52.92,3.30,7.85
667,10/30/18,243.76,10.00,2.00,0.00,0.00,8.83,49.53,53.10,53.10,1.39,3.38
668,10/31/18,236.45,10.00,3.00,0.00,0.00,8.83,55.45,49.53,53.10,1.57,6.35
669,11/1/18,231.83,11.00,4.00,0.00,0.00,8.84,64.46,55.45,49.53,3.19,10.68
670,11/2/18,237.72,11.00,5.00,0.00,0.00,8.84,67.03,64.46,55.45,4.85,10.19
671,11/3/18,215.10,11.00,6.00,0.00,0.00,8.84,52.89,67.03,64.46,1.69,7.33
672,11/4/18,226.53,11.00,7.00,0.00,0.00,8.84,49.44,52.89,67.03,2.33,5.21
673,11/5/18,238.26,11.00,1.00,0.00,0.00,8.85,56.28,49.44,52.89,7.31,5.83
674,11/6/18,238.59,11.00,2.00,0.00,0.00,8.85,60.28,56.28,49.44,5.12,6.07
675,11/7/18,231.96,11.00,3.00,0.00,0.00,8.85,57.04,60.28,56.28,2.59,2.53
676,11/8/18,233.41,11.00,4.00,0.00,0.00,8.85,54.78,57.04,60.28,3.51,7.42
677,11/9/18,246.26,11.00,5.00,0.00,0.00,8.86,49.86,54.78,57.04,6.54,5.83
678,11/10/18,242.63,11.00,6.00,0.00,0.00,8.86,43.83,49.86,54.78,1.69,8.19
679,11/11/18,270.38,11.00,7.00,0.00,0.00,8.86,36.12,43.83,49.86,0.10,3.65
680,11/12/18,281.66,11.00,1.00,0.00,0.00,8.87,41.09,36.12,43.83,4.78,2.78
681,11/13/18,261.49,11.00,2.00,0.00,0.00,8.87,48.02,41.09,36.12,5.50,6.28
682,11/14/18,277.98,11.00,3.00,0.00,0.00,8.87,41.74,48.02,41.09,2.25,7.89
683,11/15/18,299.71,11.00,4.00,0.00,0.00,8.87,39.90,41.74,48.02,6.93,10.90
684,11/16/18,275.82,11.00,5.00,0.00,0.00,8.88,41.58,39.90,41.74,1.20,7.97
685,11/17/18,267.95,11.00,6.00,0.00,0.00,8.88,40.70,41.58,39.90,1.58,2.76
686,11/18/18,266.36,11.00,7.00,0.00,0.00,8.88,41.23,40.70,41.58,2.87,2.44
687,11/19/18,265.16,11.00,1.00,0.00,0.00,8.88,46.94,41.23,40.70,3.90,3.81
688,11/20/18,254.16,11.00,2.00,0.00,0.00,8.89,48.81,46.94,41.23,4.56,7.02
689,11/21/18,279.33,11.00,3.00,0.00,0.00,8.89,40.66,48.81,46.94,0.54,5.60
690,11/22/18,285.44,11.00,4.00,0.00,1.00,8.89,35.77,40.66,48.81,3.75,8.28
691,11/23/18,307.93,11.00,5.00,1.00,0.00,8.90,32.81,35.77,40.66,6.92,5.99
692,11/24/18,280.04,11.00,6.00,0.00,0.00,8.90,41.32,32.81,35.77,7.34,5.81
693,11/25/18,252.31,11.00,7.00,0.00,0.00,8.90,46.08,41.32,32.81,1.51,4.06
694,11/26/18,262.26,11.00,1.00,0.00,0.00,8.90,49.28,46.08,41.32,6.20,8.94
695,11/27/18,291.73,11.00,2.00,0.00,0.00,8.91,38.74,49.28,46.08,2.36,9.12
696,11/28/18,317.97,11.00,3.00,0.00,0.00,8.91,32.97,38.74,49.28,1.01,9.90
697,11/29/18,315.71,11.00,4.00,0.00,0.00,8.91,34.01,32.97,38.74,2.28,3.92
698,11/30/18,283.68,11.00,5.00,0.00,0.00,8.92,44.21,34.01,32.97,6.84,4.01
699,12/1/18,268.74,12.00,6.00,0.00,0.00,8.92,43.37,44.21,34.01,7.71,4.12
700,12/2/18,243.22,12.00,7.00,0.00,0.00,8.92,54.62,43.37,44.21,6.58,6.02
701,12/3/18,243.68,12.00,1.00,0.00,0.00,8.92,54.74,54.62,43.37,1.68,7.14
702,12/4/18,282.46,12.00,2.00,0.00,0.00,8.93,41.07,54.74,54.62,6.06,6.10
703,12/5/18,312.42,12.00,3.00,0.00,0.00,8.93,34.93,41.07,54.74,6.90,3.72
704,12/6/18,319.50,12.00,4.00,0.00,0.00,8.93,34.18,34.93,41.07,2.29,4.28
705,12/7/18,304.38,12.00,5.00,0.00,0.00,8.93,36.95,34.18,34.93,2.43,4.53
706,12/8/18,314.87,12.00,6.00,0.00,0.00,8.94,33.06,36.95,34.18,2.45,4.24
707,12/9/18,329.00,12.00,7.00,0.00,0.00,8.94,31.90,33.06,36.95,8.00,10.60
708,12/10/18,337.51,12.00,1.00,0.00,0.00,8.94,31.21,31.90,33.06,4.17,7.92
709,12/11/18,335.73,12.00,2.00,0.00,0.00,8.95,30.34,31.21,31.90,0.44,4.58
710,12/12/18,329.05,12.00,3.00,0.00,0.00,8.95,33.03,30.34,31.21,2.45,2.67
711,12/13/18,307.83,12.00,4.00,0.00,0.00,8.95,38.32,33.03,30.34,6.00,1.92
712,12/14/18,305.32,12.00,5.00,0.00,0.00,8.95,39.50,38.32,33.03,6.98,3.48
713,12/15/18,256.69,12.00,6.00,0.00,0.00,8.96,50.56,39.50,38.32,8.00,5.17
714,12/16/18,258.83,12.00,7.00,0.00,0.00,8.96,46.62,50.56,39.50,7.47,6.78
715,12/17/18,280.15,12.00,1.00,0.00,0.00,8.96,45.87,46.62,50.56,1.70,6.77
716,12/18/18,300.54,12.00,2.00,0.00,0.00,8.96,38.01,45.87,46.62,0.88,5.50
717,12/19/18,317.10,12.00,3.00,0.00,0.00,8.97,36.12,38.01,45.87,1.51,2.85
718,12/20/18,292.14,12.00,4.00,0.00,0.00,8.97,44.79,36.12,38.01,7.97,5.19
719,12/21/18,241.52,12.00,5.00,0.00,0.00,8.97,57.99,44.79,36.12,5.62,10.24
720,12/22/18,251.93,12.00,6.00,0.00,0.00,8.98,45.84,57.99,44.79,2.34,9.71
721,12/23/18,272.87,12.00,7.00,0.00,0.00,8.98,39.66,45.84,57.99,2.57,3.20
722,12/24/18,270.33,12.00,1.00,0.00,0.00,8.98,41.33,39.66,45.84,1.61,6.11
723,12/25/18,288.07,12.00,2.00,0.00,1.00,8.98,34.47,41.33,39.66,3.37,1.95
724,12/26/18,310.92,12.00,3.00,0.00,0.00,8.99,34.19,34.47,41.33,0.35,1.88
725,12/27/18,301.55,12.00,4.00,0.00,0.00,8.99,38.91,34.19,34.47,4.72,4.27
726,12/28/18,255.03,12.00,5.00,0.00,0.00,8.99,52.43,38.91,34.19,7.10,7.40
727,12/29/18,233.58,12.00,6.00,0.00,0.00,8.99,52.08,52.43,38.91,1.58,6.11
728,12/30/18,256.48,12.00,7.00,0.00,0.00,9.00,43.28,52.08,52.43,3.22,3.23
729,12/31/18,268.64,12.00,1.00,0.00,0.00,9.00,46.41,43.28,52.08,7.46,3.45
730,1/1/19,226.13,1.00,2.00,0.00,1.00,9.00,58.76,46.41,43.28,2.81,9.85
731,1/2/19,270.06,1.00,3.00,0.00,0.00,9.01,44.26,58.76,46.41,5.30,3.88
732,1/3/19,270.95,1.00,4.00,0.00,0.00,9.01,45.74,44.26,58.76,5.36,4.05
733,1/4/19,281.43,1.00,5.00,0.00,0.00,9.01,42.93,45.74,44.26,7.29,3.53
734,1/5/19,246.30,1.00,6.00,0.00,0.00,9.01,50.07,42.93,45.74,3.50,7.93
735,1/6/19,251.28,1.00,7.00,0.00,0.00,9.02,47.65,50.07,42.93,1.29,6.32
736,1/7/19,294.23,1.00,1.00,0.00,0.00,9.02,39.40,47.65,50.07,2.56,6.31
737,1/8/19,266.36,1.00,2.00,0.00,0.00,9.02,50.39,39.40,47.65,5.02,7.63
738,1/9/19,277.57,1.00,3.00,0.00,0.00,9.02,44.19,50.39,39.40,4.72,12.22
739,1/10/19,334.41,1.00,4.00,0.00,0.00,9.03,31.21,44.19,50.39,1.65,11.74
740,1/11/19,339.32,1.00,5.00,0.00,0.00,9.03,29.78,31.21,44.19,1.03,5.51
741,1/12/19,329.20,1.00,6.00,0.00,0.00,9.03,31.28,29.78,31.21,7.69,3.51
742,1/13/19,331.90,1.00,7.00,0.00,0.00,9.04,32.53,31.28,29.78,8.00,9.44
743,1/14/19,347.25,1.00,1.00,0.00,0.00,9.04,30.76,32.53,31.28,6.02,6.09
744,1/15/19,338.70,1.00,2.00,0.00,0.00,9.04,32.42,30.76,32.53,3.56,2.24
745,1/16/19,330.12,1.00,3.00,0.00,0.00,9.04,34.22,32.42,30.76,1.75,4.93
746,1/17/19,321.62,1.00,4.00,0.00,0.00,9.05,35.30,34.22,32.42,6.74,3.88
747,1/18/19,294.05,1.00,5.00,0.00,0.00,9.05,40.15,35.30,34.22,3.80,3.49
748,1/19/19,284.17,1.00,6.00,0.00,0.00,9.05,41.13,40.15,35.30,7.80,6.02
749,1/20/19,288.73,1.00,7.00,0.00,0.00,9.05,40.60,41.13,40.15,3.94,12.51
750,1/21/19,414.88,1.00,1.00,1.00,0.00,9.06,19.97,40.60,41.13,0.73,11.35
751,1/22/19,393.34,1.00,2.00,0.00,0.00,9.06,23.60,19.97,40.60,1.54,5.09
752,1/23/19,312.15,1.00,3.00,0.00,0.00,9.06,42.55,23.60,19.97,6.09,9.53
753,1/24/19,261.85,1.00,4.00,0.00,0.00,9.07,51.69,42.55,23.60,5.19,11.82
754,1/25/19,309.73,1.00,5.00,0.00,0.00,9.07,34.73,51.69,42.55,1.21,5.64
755,1/26/19,320.98,1.00,6.00,0.00,0.00,9.07,31.87,34.73,51.69,2.60,2.93
756,1/27/19,305.52,1.00,7.00,0.00,0.00,9.07,37.15,31.87,34.73,3.01,4.94
757,1/28/19,314.01,1.00,1.00,0.00,0.00,9.08,35.93,37.15,31.87,1.64,5.60
758,1/29/19,326.96,1.00,2.00,0.00,0.00,9.08,36.51,35.93,37.15,6.01,6.76
759,1/30/19,361.64,1.00,3.00,0.00,0.00,9.08,27.07,36.51,35.93,2.04,10.66
760,1/31/19,400.81,1.00,4.00,0.00,0.00,9.08,19.94,27.07,36.51,1.08,4.63
761,2/1/19,375.35,2.00,5.00,0.00,0.00,9.09,27.00,19.94,27.07,6.81,4.01
762,2/2/19,330.39,2.00,6.00,0.00,0.00,9.09,31.72,27.00,19.94,1.44,3.27
763,2/3/19,286.52,2.00,7.00,0.00,0.00,9.09,42.64,31.72,27.00,3.33,2.37
764,2/4/19,271.60,2.00,1.00,0.00,0.00,9.10,46.60,42.64,31.72,2.63,2.95
765,2/5/19,254.76,2.00,2.00,0.00,0.00,9.10,53.17,46.60,42.64,2.21,2.55
766,2/6/19,240.26,2.00,3.00,0.00,0.00,9.10,55.63,53.17,46.60,4.54,4.55
767,2/7/19,239.83,2.00,4.00,0.00,0.00,9.10,57.94,55.63,53.17,4.95,4.48
768,2/8/19,242.76,2.00,5.00,0.00,0.00,9.11,56.29,57.94,55.63,2.96,10.44
769,2/9/19,295.88,2.00,6.00,0.00,0.00,9.11,33.72,56.29,57.94,1.29,7.99
770,2/10/19,316.00,2.00,7.00,0.00,0.00,9.11,31.42,33.72,56.29,4.84,3.28
771,2/11/19,315.68,2.00,1.00,0.00,0.00,9.12,36.49,31.42,33.72,8.00,4.46
772,2/12/19,306.06,2.00,2.00,0.00,0.00,9.12,39.46,36.49,31.42,7.89,4.53
773,2/13/19,281.60,2.00,3.00,0.00,0.00,9.12,43.49,39.46,36.49,1.51,10.01
774,2/14/19,286.39,2.00,4.00,0.00,0.00,9.12,44.01,43.49,39.46,2.00,5.42
775,2/15/19,248.26,2.00,5.00,0.00,0.00,9.13,56.38,44.01,43.49,4.98,11.49
776,2/16/19,269.54,2.00,6.00,0.00,0.00,9.13,41.50,56.38,44.01,5.65,8.36
777,2/17/19,299.24,2.00,7.00,0.00,0.00,9.13,35.15,41.50,56.38,6.63,4.88
778,2/18/19,277.97,2.00,1.00,1.00,0.00,9.13,43.78,35.15,41.50,3.07,9.33
779,2/19/19,304.05,2.00,2.00,0.00,0.00,9.14,37.13,43.78,35.15,2.07,6.03
780,2/20/19,329.56,2.00,3.00,0.00,0.00,9.14,34.72,37.13,43.78,8.00,5.28
781,2/21/19,287.62,2.00,4.00,0.00,0.00,9.14,44.40,34.72,37.13,3.95,4.26
782,2/22/19,277.89,2.00,5.00,0.00,0.00,9.15,44.06,44.40,34.72,7.75,3.20
783,2/23/19,284.82,2.00,6.00,0.00,0.00,9.15,39.94,44.06,44.40,8.00,5.18
784,2/24/19,262.15,2.00,7.00,0.00,0.00,9.15,47.38,39.94,44.06,5.17,10.69
785,2/25/19,277.99,2.00,1.00,0.00,0.00,9.15,45.44,47.38,39.94,0.37,13.53
786,2/26/19,277.29,2.00,2.00,0.00,0.00,9.16,43.60,45.44,47.38,1.67,4.61
787,2/27/19,291.26,2.00,3.00,0.00,0.00,9.16,39.70,43.60,45.44,5.39,6.10
788,2/28/19,275.44,2.00,4.00,0.00,0.00,9.16,43.87,39.70,43.60,3.11,7.56
789,3/1/19,309.26,3.00,5.00,0.00,0.00,9.16,37.39,43.87,39.70,8.00,6.96
790,3/2/19,284.37,3.00,6.00,0.00,0.00,9.17,40.75,37.39,43.87,6.42,4.38
791,3/3/19,281.34,3.00,7.00,0.00,0.00,9.17,40.65,40.75,37.39,7.92,4.53
792,3/4/19,301.79,3.00,1.00,0.00,0.00,9.17,37.69,40.65,40.75,5.25,8.81
793,3/5/19,319.80,3.00,2.00,0.00,0.00,9.18,32.58,37.69,40.65,2.65,6.94
794,3/6/19,343.01,3.00,3.00,0.00,0.00,9.18,28.60,32.58,37.69,1.34,8.67
795,3/7/19,323.53,3.00,4.00,0.00,0.00,9.18,32.87,28.60,32.58,1.92,4.77
796,3/8/19,312.71,3.00,5.00,0.00,0.00,9.18,36.04,32.87,28.60,7.84,2.38
797,3/9/19,292.06,3.00,6.00,0.00,0.00,9.19,37.52,36.04,32.87,7.98,5.22
798,3/10/19,251.56,3.00,7.00,0.00,0.00,9.19,52.09,37.52,36.04,5.34,7.58
799,3/11/19,241.32,3.00,1.00,0.00,0.00,9.19,54.73,52.09,37.52,2.21,5.49
800,3/12/19,258.41,3.00,2.00,0.00,0.00,9.19,44.92,54.73,52.09,0.63,6.01
801,3/13/19,271.32,3.00,3.00,0.00,0.00,9.20,44.64,44.92,54.73,2.03,4.82
802,3/14/19,242.58,3.00,4.00,0.00,0.00,9.20,57.97,44.64,44.92,2.57,9.26
803,3/15/19,229.71,3.00,5.00,0.00,0.00,9.20,66.63,57.97,44.64,5.38,15.22
804,3/16/19,219.56,3.00,6.00,0.00,0.00,9.21,50.72,66.63,57.97,1.27,9.82
805,3/17/19,245.17,3.00,7.00,0.00,0.00,9.21,43.24,50.72,66.63,1.63,5.38
806,3/18/19,271.23,3.00,1.00,0.00,0.00,9.21,41.79,43.24,50.72,6.31,5.34
807,3/19/19,279.68,3.00,2.00,0.00,0.00,9.21,39.56,41.79,43.24,1.12,4.18
808,3/20/19,277.39,3.00,3.00,0.00,0.00,9.22,42.29,39.56,41.79,4.98,4.89
809,3/21/19,270.91,3.00,4.00,0.00,0.00,9.22,46.27,42.29,39.56,7.79,8.72
810,3/22/19,263.09,3.00,5.00,0.00,0.00,9.22,47.59,46.27,42.29,4.74,12.52
811,3/23/19,253.54,3.00,6.00,0.00,0.00,9.22,45.99,47.59,46.27,0.13,9.75
812,3/24/19,242.93,3.00,7.00,0.00,0.00,9.23,49.53,45.99,47.59,1.56,6.06
813,3/25/19,233.00,3.00,1.00,0.00,0.00,9.23,54.42,49.53,45.99,5.32,6.12
814,3/26/19,253.75,3.00,2.00,0.00,0.00,9.23,44.69,54.42,49.53,2.17,11.95
815,3/27/19,271.57,3.00,3.00,0.00,0.00,9.24,40.77,44.69,54.42,0.99,5.26
816,3/28/19,256.58,3.00,4.00,0.00,0.00,9.24,48.06,40.77,44.69,1.22,6.07
817,3/29/19,228.54,3.00,5.00,0.00,0.00,9.24,58.60,48.06,40.77,2.56,6.18
818,3/30/19,210.67,3.00,6.00,0.00,0.00,9.24,61.96,58.60,48.06,2.40,8.59
819,3/31/19,212.76,3.00,7.00,0.00,0.00,9.25,56.32,61.96,58.60,5.36,12.91
820,4/1/19,264.12,4.00,1.00,0.00,0.00,9.25,39.47,56.32,61.96,1.07,7.45
821,4/2/19,283.29,4.00,2.00,0.00,0.00,9.25,39.90,39.47,56.32,6.19,5.49
822,4/3/19,254.39,4.00,3.00,0.00,0.00,9.25,50.72,39.90,39.47,0.58,7.64
823,4/4/19,230.01,4.00,4.00,0.00,0.00,9.26,55.72,50.72,39.90,2.15,4.60
824,4/5/19,238.23,4.00,5.00,0.00,0.00,9.26,50.88,55.72,50.72,7.64,5.15
825,4/6/19,219.70,4.00,6.00,0.00,0.00,9.26,54.97,50.88,55.72,6.64,3.94
826,4/7/19,211.31,4.00,7.00,0.00,0.00,9.27,60.14,54.97,50.88,5.03,4.92
827,4/8/19,235.56,4.00,1.00,0.00,0.00,9.27,67.35,60.14,54.97,4.05,8.67
828,4/9/19,236.41,4.00,2.00,0.00,0.00,9.27,66.71,67.35,60.14,4.06,6.04
829,4/10/19,220.94,4.00,3.00,0.00,0.00,9.27,61.47,66.71,67.35,1.49,5.49
830,4/11/19,222.17,4.00,4.00,0.00,0.00,9.28,57.83,61.47,66.71,2.93,5.76
831,4/12/19,228.44,4.00,5.00,0.00,0.00,9.28,63.78,57.83,61.47,5.93,8.56
832,4/13/19,218.01,4.00,6.00,0.00,0.00,9.28,64.99,63.78,57.83,6.16,4.74
833,4/14/19,225.65,4.00,7.00,0.00,0.00,9.28,68.81,64.99,63.78,7.03,8.76
834,4/15/19,223.68,4.00,1.00,0.00,0.00,9.29,59.72,68.81,64.99,2.33,14.03
835,4/16/19,224.58,4.00,2.00,0.00,0.00,9.29,54.47,59.72,68.81,1.39,6.68
836,4/17/19,225.40,4.00,3.00,0.00,0.00,9.29,63.65,54.47,59.72,1.88,6.64
837,4/18/19,232.41,4.00,4.00,0.00,0.00,9.30,66.78,63.65,54.47,2.46,8.69
838,4/19/19,236.81,4.00,5.00,0.00,0.00,9.30,69.38,66.78,63.65,6.86,12.92
839,4/20/19,215.78,4.00,6.00,0.00,0.00,9.30,62.98,69.38,66.78,3.81,11.99
840,4/21/19,204.63,4.00,7.00,0.00,0.00,9.30,56.26,62.98,69.38,4.70,4.83
841,4/22/19,221.64,4.00,1.00,0.00,0.00,9.31,60.49,56.26,62.98,2.78,5.90
842,4/23/19,237.31,4.00,2.00,0.00,0.00,9.31,66.06,60.49,56.26,1.24,6.21
843,4/24/19,242.13,4.00,3.00,0.00,0.00,9.31,70.42,66.06,60.49,2.19,6.73
844,4/25/19,241.82,4.00,4.00,0.00,0.00,9.32,67.88,70.42,66.06,2.56,3.82
845,4/26/19,230.12,4.00,5.00,0.00,0.00,9.32,63.49,67.88,70.42,6.16,9.73
846,4/27/19,205.24,4.00,6.00,0.00,0.00,9.32,60.47,63.49,67.88,1.10,10.02
847,4/28/19,213.95,4.00,7.00,0.00,0.00,9.32,64.42,60.47,63.49,3.87,8.61
848,4/29/19,219.46,4.00,1.00,0.00,0.00,9.33,53.70,64.42,60.47,7.26,7.12
849,4/30/19,242.93,4.00,2.00,0.00,0.00,9.33,67.72,53.70,64.42,2.55,5.22
850,5/1/19,250.70,5.00,3.00,0.00,0.00,9.33,70.81,67.72,53.70,2.63,6.34
851,5/2/19,268.54,5.00,4.00,0.00,0.00,9.33,73.15,70.81,67.72,2.25,7.90
852,5/3/19,271.93,5.00,5.00,0.00,0.00,9.34,72.81,73.15,70.81,2.85,7.55
853,5/4/19,260.04,5.00,6.00,0.00,0.00,9.34,72.49,72.81,73.15,4.14,4.99
854,5/5/19,235.84,5.00,7.00,0.00,0.00,9.34,67.26,72.49,72.81,7.00,5.85
855,5/6/19,234.79,5.00,1.00,0.00,0.00,9.35,63.92,67.26,72.49,4.51,5.15
856,5/7/19,248.05,5.00,2.00,0.00,0.00,9.35,66.69,63.92,67.26,2.77,4.81
857,5/8/19,250.78,5.00,3.00,0.00,0.00,9.35,68.36,66.69,63.92,4.32,5.58
858,5/9/19,256.34,5.00,4.00,0.00,0.00,9.35,70.63,68.36,66.69,4.25,7.10
859,5/10/19,263.29,5.00,5.00,0.00,0.00,9.36,71.98,70.63,68.36,4.41,8.97
860,5/11/19,234.43,5.00,6.00,0.00,0.00,9.36,67.29,71.98,70.63,6.62,5.19
861,5/12/19,222.18,5.00,7.00,0.00,0.00,9.36,64.34,67.29,71.98,6.97,7.83
862,5/13/19,225.67,5.00,1.00,0.00,0.00,9.36,56.74,64.34,67.29,6.97,5.98
863,5/14/19,221.72,5.00,2.00,0.00,0.00,9.37,56.19,56.74,64.34,5.70,6.49
864,5/15/19,226.62,5.00,3.00,0.00,0.00,9.37,58.40,56.19,56.74,2.35,4.35
865,5/16/19,235.62,5.00,4.00,0.00,0.00,9.37,64.68,58.40,56.19,2.13,5.01
866,5/17/19,253.44,5.00,5.00,0.00,0.00,9.38,69.38,64.68,58.40,3.27,5.51
867,5/18/19,267.70,5.00,6.00,0.00,0.00,9.38,73.76,69.38,64.68,2.10,3.56
868,5/19/19,290.12,5.00,7.00,0.00,0.00,9.38,77.26,73.76,69.38,1.92,7.29
869,5/20/19,312.83,5.00,1.00,0.00,0.00,9.38,77.36,77.26,73.76,2.80,9.28
870,5/21/19,259.78,5.00,2.00,0.00,0.00,9.39,68.68,77.36,77.26,1.89,7.05
871,5/22/19,238.38,5.00,3.00,0.00,0.00,9.39,64.43,68.68,77.36,2.57,5.01
872,5/23/19,273.34,5.00,4.00,0.00,0.00,9.39,73.00,64.43,68.68,2.51,8.22
873,5/24/19,304.65,5.00,5.00,0.00,0.00,9.39,78.99,73.00,64.43,2.12,7.92
874,5/25/19,274.86,5.00,6.00,0.00,0.00,9.40,74.49,78.99,73.00,2.26,5.46
875,5/26/19,299.40,5.00,7.00,0.00,0.00,9.40,79.03,74.49,78.99,2.33,6.11
876,5/27/19,294.17,5.00,1.00,1.00,0.00,9.40,76.42,79.03,74.49,3.31,5.29
877,5/28/19,320.02,5.00,2.00,0.00,0.00,9.41,78.44,76.42,79.03,2.40,6.26
878,5/29/19,338.48,5.00,3.00,0.00,0.00,9.41,81.23,78.44,76.42,2.28,7.19
879,5/30/19,323.98,5.00,4.00,0.00,0.00,9.41,79.07,81.23,78.44,2.42,6.99
880,5/31/19,300.80,5.00,5.00,0.00,0.00,9.41,73.84,79.07,81.23,3.72,4.40
881,6/1/19,267.10,6.00,6.00,0.00,0.00,9.42,70.84,73.84,79.07,3.34,3.54
882,6/2/19,272.51,6.00,7.00,0.00,0.00,9.42,72.81,70.84,73.84,2.26,5.33
883,6/3/19,259.04,6.00,1.00,0.00,0.00,9.42,68.45,72.81,70.84,2.05,7.31
884,6/4/19,247.89,6.00,2.00,0.00,0.00,9.42,65.08,68.45,72.81,1.12,4.31
885,6/5/19,276.52,6.00,3.00,0.00,0.00,9.43,71.38,65.08,68.45,4.70,8.86
886,6/6/19,314.76,6.00,4.00,0.00,0.00,9.43,78.12,71.38,65.08,2.75,6.75
887,6/7/19,282.03,6.00,5.00,0.00,0.00,9.43,72.40,78.12,71.38,7.29,5.35
888,6/8/19,257.78,6.00,6.00,0.00,0.00,9.44,70.79,72.40,78.12,7.77,8.26
889,6/9/19,254.29,6.00,7.00,0.00,0.00,9.44,70.38,70.79,72.40,7.19,8.39
890,6/10/19,277.77,6.00,1.00,0.00,0.00,9.44,72.23,70.38,70.79,6.67,4.94
891,6/11/19,266.96,6.00,2.00,0.00,0.00,9.44,70.73,72.23,70.38,1.90,9.28
892,6/12/19,250.90,6.00,3.00,0.00,0.00,9.45,66.29,70.73,72.23,3.91,5.64
893,6/13/19,260.68,6.00,4.00,0.00,0.00,9.45,68.44,66.29,70.73,5.92,7.25
894,6/14/19,240.80,6.00,5.00,0.00,0.00,9.45,66.58,68.44,66.29,1.36,7.84
895,6/15/19,240.53,6.00,6.00,0.00,0.00,9.45,68.70,66.58,68.44,1.91,7.56
896,6/16/19,280.23,6.00,7.00,0.00,0.00,9.46,76.22,68.70,66.58,2.12,9.93
897,6/17/19,330.58,6.00,1.00,0.00,0.00,9.46,79.08,76.22,68.70,3.00,6.33
898,6/18/19,315.21,6.00,2.00,0.00,0.00,9.46,76.86,79.08,76.22,3.63,6.35
899,6/19/19,315.03,6.00,3.00,0.00,0.00,9.47,76.28,76.86,79.08,5.36,5.08
900,6/20/19,328.57,6.00,4.00,0.00,0.00,9.47,77.93,76.28,76.86,4.38,8.80
901,6/21/19,292.42,6.00,5.00,0.00,0.00,9.47,75.75,77.93,76.28,3.47,10.63
902,6/22/19,255.36,6.00,6.00,0.00,0.00,9.47,71.33,75.75,77.93,2.66,4.63
903,6/23/19,261.13,6.00,7.00,0.00,0.00,9.48,71.17,71.33,75.75,2.02,3.72
904,6/24/19,310.76,6.00,1.00,0.00,0.00,9.48,76.71,71.17,71.33,2.79,5.97
905,6/25/19,328.02,6.00,2.00,0.00,0.00,9.48,79.31,76.71,71.17,2.75,6.03
906,6/26/19,322.77,6.00,3.00,0.00,0.00,9.48,78.27,79.31,76.71,1.80,4.05
907,6/27/19,333.94,6.00,4.00,0.00,0.00,9.49,79.63,78.27,79.31,2.17,3.42
908,6/28/19,330.19,6.00,5.00,0.00,0.00,9.49,78.42,79.63,78.27,2.27,3.45
909,6/29/19,324.61,6.00,6.00,0.00,0.00,9.49,80.02,78.42,79.63,2.10,4.97
910,6/30/19,321.82,6.00,7.00,0.00,0.00,9.50,80.81,80.02,78.42,2.78,6.48
911,7/1/19,308.74,7.00,1.00,0.00,0.00,9.50,76.31,80.81,80.02,1.53,4.61
912,7/2/19,326.08,7.00,2.00,0.00,0.00,9.50,77.63,76.31,80.81,1.99,3.96
913,7/3/19,347.99,7.00,3.00,0.00,0.00,9.50,81.35,77.63,76.31,1.91,4.51
914,7/4/19,324.16,7.00,4.00,0.00,1.00,9.51,79.01,81.35,77.63,3.63,4.11
915,7/5/19,327.78,7.00,5.00,0.00,1.00,9.51,78.47,79.01,81.35,4.37,4.01
916,7/6/19,330.64,7.00,6.00,0.00,0.00,9.51,80.54,78.47,79.01,4.66,5.62
917,7/7/19,319.36,7.00,7.00,0.00,0.00,9.52,79.43,80.54,78.47,4.22,4.22
918,7/8/19,311.75,7.00,1.00,0.00,0.00,9.52,76.59,79.43,80.54,5.70,5.77
919,7/9/19,309.60,7.00,2.00,0.00,0.00,9.52,75.72,76.59,79.43,2.52,4.91
920,7/10/19,323.36,7.00,3.00,0.00,0.00,9.52,77.60,75.72,76.59,2.90,4.61
921,7/11/19,339.81,7.00,4.00,0.00,0.00,9.53,79.35,77.60,75.72,4.21,6.35
922,7/12/19,334.40,7.00,5.00,0.00,0.00,9.53,79.78,79.35,77.60,3.56,5.57
923,7/13/19,329.77,7.00,6.00,0.00,0.00,9.53,80.61,79.78,79.35,1.79,3.33
924,7/14/19,338.81,7.00,7.00,0.00,0.00,9.53,81.87,80.61,79.78,1.56,3.89
925,7/15/19,348.09,7.00,1.00,0.00,0.00,9.54,80.73,81.87,80.61,2.15,4.04
926,7/16/19,358.46,7.00,2.00,0.00,0.00,9.54,81.72,80.73,81.87,2.29,4.12
927,7/17/19,370.87,7.00,3.00,0.00,0.00,9.54,83.15,81.72,80.73,2.47,7.18
928,7/18/19,369.58,7.00,4.00,0.00,0.00,9.55,82.77,83.15,81.72,3.51,6.80
929,7/19/19,377.33,7.00,5.00,0.00,0.00,9.55,83.99,82.77,83.15,1.76,4.11
930,7/20/19,383.67,7.00,6.00,0.00,0.00,9.55,86.51,83.99,82.77,2.06,5.51
931,7/21/19,373.97,7.00,7.00,0.00,0.00,9.55,84.05,86.51,83.99,2.66,5.42
932,7/22/19,364.20,7.00,1.00,0.00,0.00,9.56,81.62,84.05,86.51,2.50,8.32
933,7/23/19,288.82,7.00,2.00,0.00,0.00,9.56,70.66,81.62,84.05,6.27,6.00
934,7/24/19,287.48,7.00,3.00,0.00,0.00,9.56,72.52,70.66,81.62,3.50,5.35
935,7/25/19,294.52,7.00,4.00,0.00,0.00,9.56,73.62,72.52,70.66,1.67,4.34
936,7/26/19,298.05,7.00,5.00,0.00,0.00,9.57,74.30,73.62,72.52,2.12,2.73
937,7/27/19,296.31,7.00,6.00,0.00,0.00,9.57,75.90,74.30,73.62,1.65,2.98
938,7/28/19,309.80,7.00,7.00,0.00,0.00,9.57,78.15,75.90,74.30,1.89,3.82
939,7/29/19,341.91,7.00,1.00,0.00,0.00,9.58,79.74,78.15,75.90,2.24,4.38
940,7/30/19,345.45,7.00,2.00,0.00,0.00,9.58,79.67,79.74,78.15,1.98,6.07
941,7/31/19,329.78,7.00,3.00,0.00,0.00,9.58,76.87,79.67,79.74,3.89,5.16
942,8/1/19,324.91,8.00,4.00,0.00,0.00,9.58,76.53,76.87,79.67,2.38,3.47
943,8/2/19,309.52,8.00,5.00,0.00,0.00,9.59,75.48,76.53,76.87,4.59,4.22
944,8/3/19,310.62,8.00,6.00,0.00,0.00,9.59,77.00,75.48,76.53,3.19,2.70
945,8/4/19,314.40,8.00,7.00,0.00,0.00,9.59,77.73,77.00,75.48,3.14,4.14
946,8/5/19,308.67,8.00,1.00,0.00,0.00,9.59,75.51,77.73,77.00,4.80,2.99
947,8/6/19,324.55,8.00,2.00,0.00,0.00,9.60,76.69,75.51,77.73,2.48,3.49
948,8/7/19,325.38,8.00,3.00,0.00,0.00,9.60,76.44,76.69,75.51,3.01,5.78
949,8/8/19,324.84,8.00,4.00,0.00,0.00,9.60,78.18,76.44,76.69,2.13,4.62
950,8/9/19,329.08,8.00,5.00,0.00,0.00,9.61,79.73,78.18,76.44,1.96,5.45
951,8/10/19,285.25,8.00,6.00,0.00,0.00,9.61,75.01,79.73,78.18,2.11,4.60
952,8/11/19,284.34,8.00,7.00,0.00,0.00,9.61,74.78,75.01,79.73,2.08,3.56
953,8/12/19,319.75,8.00,1.00,0.00,0.00,9.61,76.98,74.78,75.01,2.19,4.53
954,8/13/19,329.89,8.00,2.00,0.00,0.00,9.62,79.49,76.98,74.78,4.47,6.89
955,8/14/19,341.67,8.00,3.00,0.00,0.00,9.62,80.10,79.49,76.98,3.22,4.74
956,8/15/19,321.26,8.00,4.00,0.00,0.00,9.62,76.69,80.10,79.49,5.52,4.71
957,8/16/19,326.44,8.00,5.00,0.00,0.00,9.62,77.37,76.69,80.10,5.13,3.63
958,8/17/19,326.11,8.00,6.00,0.00,0.00,9.63,79.00,77.37,76.69,3.56,2.97
959,8/18/19,332.57,8.00,7.00,0.00,0.00,9.63,79.81,79.00,77.37,2.26,3.20
960,8/19/19,362.39,8.00,1.00,0.00,0.00,9.63,82.06,79.81,79.00,2.13,3.68
961,8/20/19,349.26,8.00,2.00,0.00,0.00,9.64,79.43,82.06,79.81,2.56,4.23
962,8/21/19,340.76,8.00,3.00,0.00,0.00,9.64,79.37,79.43,82.06,3.37,6.36
963,8/22/19,348.99,8.00,4.00,0.00,0.00,9.64,79.06,79.37,79.43,2.72,5.43
964,8/23/19,302.86,8.00,5.00,0.00,0.00,9.64,74.10,79.06,79.37,5.06,7.01
965,8/24/19,254.14,8.00,6.00,0.00,0.00,9.65,69.48,74.10,79.06,6.81,7.21
966,8/25/19,250.97,8.00,7.00,0.00,0.00,9.65,69.73,69.48,74.10,5.68,7.88
967,8/26/19,261.36,8.00,1.00,0.00,0.00,9.65,68.63,69.73,69.48,7.16,7.31
968,8/27/19,276.03,8.00,2.00,0.00,0.00,9.65,71.00,68.63,69.73,6.67,4.42
969,8/28/19,293.63,8.00,3.00,0.00,0.00,9.66,74.69,71.00,68.63,5.59,3.40
970,8/29/19,283.27,8.00,4.00,0.00,0.00,9.66,71.83,74.69,71.00,0.64,4.23
971,8/30/19,288.97,8.00,5.00,0.00,0.00,9.66,72.56,71.83,74.69,1.30,3.40
972,8/31/19,293.70,8.00,6.00,0.00,0.00,9.67,75.87,72.56,71.83,1.59,3.99
973,9/1/19,282.49,9.00,7.00,0.00,0.00,9.67,74.83,75.87,72.56,4.08,5.32
974,9/2/19,306.13,9.00,1.00,1.00,0.00,9.67,76.45,74.83,75.87,3.49,3.49
975,9/3/19,316.42,9.00,2.00,0.00,0.00,9.67,76.28,76.45,74.83,2.27,3.96
976,9/4/19,334.32,9.00,3.00,0.00,0.00,9.68,78.64,76.28,76.45,1.82,5.08
977,9/5/19,303.89,9.00,4.00,0.00,0.00,9.68,75.60,78.64,76.28,5.32,8.09
978,9/6/19,262.78,9.00,5.00,0.00,0.00,9.68,71.96,75.60,78.64,5.12,11.22
979,9/7/19,261.82,9.00,6.00,0.00,0.00,9.68,71.79,71.96,75.60,2.60,3.32
980,9/8/19,274.38,9.00,7.00,0.00,0.00,9.69,73.14,71.79,71.96,3.65,3.34
981,9/9/19,293.34,9.00,1.00,0.00,0.00,9.69,74.26,73.14,71.79,5.67,4.05
982,9/10/19,300.62,9.00,2.00,0.00,0.00,9.69,74.29,74.26,73.14,4.06,4.15
983,9/11/19,321.24,9.00,3.00,0.00,0.00,9.70,77.04,74.29,74.26,2.05,4.17
984,9/12/19,340.78,9.00,4.00,0.00,0.00,9.70,80.66,77.04,74.29,1.81,4.20
985,9/13/19,280.32,9.00,5.00,0.00,0.00,9.70,72.02,80.66,77.04,7.92,7.64
986,9/14/19,268.64,9.00,6.00,0.00,0.00,9.70,73.67,72.02,80.66,6.16,5.15
987,9/15/19,284.02,9.00,7.00,0.00,0.00,9.71,75.28,73.67,72.02,3.73,3.10
988,9/16/19,304.03,9.00,1.00,0.00,0.00,9.71,75.76,75.28,73.67,1.69,2.33
989,9/17/19,281.12,9.00,2.00,0.00,0.00,9.71,72.03,75.76,75.28,6.23,6.58
990,9/18/19,253.53,9.00,3.00,0.00,0.00,9.72,67.58,72.03,75.76,4.11,6.50
991,9/19/19,237.94,9.00,4.00,0.00,0.00,9.72,62.59,67.58,72.03,4.30,5.22
992,9/20/19,236.72,9.00,5.00,0.00,0.00,9.72,62.66,62.59,67.58,0.75,2.59
993,9/21/19,252.84,9.00,6.00,0.00,0.00,9.72,70.56,62.66,62.59,1.66,2.93
994,9/22/19,284.60,9.00,7.00,0.00,0.00,9.73,75.92,70.56,62.66,1.35,4.90
995,9/23/19,307.09,9.00,1.00,0.00,0.00,9.73,77.47,75.92,70.56,2.42,7.69
996,9/24/19,284.28,9.00,2.00,0.00,0.00,9.73,73.20,77.47,75.92,1.88,5.82
997,9/25/19,261.93,9.00,3.00,0.00,0.00,9.73,67.94,73.20,77.47,1.26,3.19
998,9/26/19,288.12,9.00,4.00,0.00,0.00,9.74,73.83,67.94,73.20,3.49,5.76
999,9/27/19,276.99,9.00,5.00,0.00,0.00,9.74,72.25,73.83,67.94,3.22,5.47
1000,9/28/19,283.49,9.00,6.00,0.00,0.00,9.74,76.72,72.25,73.83,3.54,4.51
1001,9/29/19,297.93,9.00,7.00,0.00,0.00,9.75,77.61,76.72,72.25,2.45,5.05
1002,9/30/19,274.16,9.00,1.00,0.00,0.00,9.75,72.12,77.61,76.72,5.76,5.04
1003,10/1/19,291.21,10.00,2.00,0.00,0.00,9.75,75.39,72.12,77.61,3.29,4.22
1004,10/2/19,324.19,10.00,3.00,0.00,0.00,9.75,80.15,75.39,72.12,1.80,5.13
1005,10/3/19,323.61,10.00,4.00,0.00,0.00,9.76,78.85,80.15,75.39,1.84,4.42
1006,10/4/19,279.88,10.00,5.00,0.00,0.00,9.76,72.70,78.85,80.15,2.82,8.50
1007,10/5/19,216.06,10.00,6.00,0.00,0.00,9.76,59.37,72.70,78.85,6.34,8.37
1008,10/6/19,226.91,10.00,7.00,0.00,0.00,9.76,66.67,59.37,72.70,7.41,4.49
1009,10/7/19,261.86,10.00,1.00,0.00,0.00,9.77,70.38,66.67,59.37,5.31,5.99
1010,10/8/19,237.70,10.00,2.00,0.00,0.00,9.77,61.94,70.38,66.67,7.82,10.58
1011,10/9/19,231.19,10.00,3.00,0.00,0.00,9.77,62.08,61.94,70.38,5.03,8.57
1012,10/10/19,232.04,10.00,4.00,0.00,0.00,9.78,61.84,62.08,61.94,3.07,6.62
1013,10/11/19,227.56,10.00,5.00,0.00,0.00,9.78,61.25,61.84,62.08,1.25,5.53
1014,10/12/19,216.59,10.00,6.00,0.00,0.00,9.78,61.32,61.25,61.84,4.07,2.73
1015,10/13/19,216.53,10.00,7.00,0.00,0.00,9.78,61.80,61.32,61.25,5.81,4.27
1016,10/14/19,234.68,10.00,1.00,0.00,0.00,9.79,61.32,61.80,61.32,2.76,3.33
1017,10/15/19,231.58,10.00,2.00,0.00,0.00,9.79,58.93,61.32,61.80,1.16,4.02
1018,10/16/19,233.14,10.00,3.00,0.00,0.00,9.79,57.42,58.93,61.32,6.55,6.10
1019,10/17/19,229.95,10.00,4.00,0.00,0.00,9.79,53.71,57.42,58.93,2.20,10.42
1020,10/18/19,230.96,10.00,5.00,0.00,0.00,9.80,52.11,53.71,57.42,1.00,5.74
1021,10/19/19,222.11,10.00,6.00,0.00,0.00,9.80,51.51,52.11,53.71,1.59,2.97
1022,10/20/19,222.18,10.00,7.00,0.00,0.00,9.80,58.03,51.51,52.11,7.94,7.96
1023,10/21/19,229.27,10.00,1.00,0.00,0.00,9.81,58.56,58.03,51.51,6.00,5.38
1024,10/22/19,233.35,10.00,2.00,0.00,0.00,9.81,60.42,58.56,58.03,7.35,5.86
1025,10/23/19,227.90,10.00,3.00,0.00,0.00,9.81,56.50,60.42,58.56,0.99,3.98
1026,10/24/19,234.25,10.00,4.00,0.00,0.00,9.81,53.17,56.50,60.42,0.70,2.31
1027,10/25/19,231.35,10.00,5.00,0.00,0.00,9.82,56.43,53.17,56.50,2.96,1.11
1028,10/26/19,217.26,10.00,6.00,0.00,0.00,9.82,61.48,56.43,53.17,5.04,3.78
1029,10/27/19,233.84,10.00,7.00,0.00,0.00,9.82,69.72,61.48,56.43,4.00,8.42
1030,10/28/19,228.04,10.00,1.00,0.00,0.00,9.82,59.50,69.72,61.48,1.64,5.09
1031,10/29/19,231.85,10.00,2.00,0.00,0.00,9.83,59.22,59.50,69.72,6.66,2.95
1032,10/30/19,234.42,10.00,3.00,0.00,0.00,9.83,61.24,59.22,59.50,7.04,3.20
1033,10/31/19,251.83,10.00,4.00,0.00,0.00,9.83,70.39,61.24,59.22,6.69,12.88
1034,11/1/19,231.38,11.00,5.00,0.00,0.00,9.84,47.44,70.39,61.24,0.46,6.97
1035,11/2/19,240.46,11.00,6.00,0.00,0.00,9.84,44.28,47.44,70.39,1.14,3.26
1036,11/3/19,240.83,11.00,7.00,0.00,0.00,9.84,44.51,44.28,47.44,0.39,3.66
1037,11/4/19,256.98,11.00,1.00,0.00,0.00,9.84,46.72,44.51,44.28,1.99,3.74
1038,11/5/19,243.40,11.00,2.00,0.00,0.00,9.85,53.28,46.72,44.51,3.67,2.66
1039,11/6/19,240.79,11.00,3.00,0.00,0.00,9.85,50.78,53.28,46.72,0.64,4.99
1040,11/7/19,247.73,11.00,4.00,0.00,0.00,9.85,53.31,50.78,53.28,4.69,5.39
1041,11/8/19,266.98,11.00,5.00,0.00,0.00,9.85,41.15,53.31,50.78,2.36,9.76
1042,11/9/19,281.54,11.00,6.00,0.00,0.00,9.86,35.89,41.15,53.31,1.56,4.29
1043,11/10/19,257.97,11.00,7.00,0.00,0.00,9.86,46.17,35.89,41.15,1.52,5.20
1044,11/11/19,247.21,11.00,1.00,0.00,0.00,9.86,52.75,46.17,35.89,1.71,6.49
1045,11/12/19,277.78,11.00,2.00,0.00,0.00,9.87,43.25,52.75,46.17,6.19,10.85
1046,11/13/19,330.83,11.00,3.00,0.00,0.00,9.87,29.03,43.25,52.75,1.94,5.16
1047,11/14/19,325.54,11.00,4.00,0.00,0.00,9.87,33.97,29.03,43.25,4.01,3.01
1048,11/15/19,285.00,11.00,5.00,0.00,0.00,9.87,41.87,33.97,29.03,4.82,4.47
1049,11/16/19,278.17,11.00,6.00,0.00,0.00,9.88,41.56,41.87,33.97,4.76,13.39
1050,11/17/19,277.25,11.00,7.00,0.00,0.00,9.88,40.99,41.56,41.87,8.00,11.09
1051,11/18/19,280.06,11.00,1.00,0.00,0.00,9.88,42.97,40.99,41.56,7.65,5.10
1052,11/19/19,269.45,11.00,2.00,0.00,0.00,9.88,44.11,42.97,40.99,5.93,2.78
1053,11/20/19,268.94,11.00,3.00,0.00,0.00,9.89,45.47,44.11,42.97,2.42,5.67
1054,11/21/19,274.62,11.00,4.00,0.00,0.00,9.89,44.06,45.47,44.11,2.28,4.25
1055,11/22/19,258.35,11.00,5.00,0.00,0.00,9.89,51.44,44.06,45.47,5.58,8.01
1056,11/23/19,275.99,11.00,6.00,0.00,0.00,9.90,40.65,51.44,44.06,6.74,4.07
1057,11/24/19,254.90,11.00,7.00,0.00,0.00,9.90,46.47,40.65,51.44,1.93,8.85
1058,11/25/19,275.82,11.00,1.00,0.00,0.00,9.90,42.95,46.47,40.65,1.04,3.33
1059,11/26/19,267.34,11.00,2.00,0.00,0.00,9.90,46.65,42.95,46.47,1.43,2.92
1060,11/27/19,256.44,11.00,3.00,0.00,0.00,9.91,52.67,46.65,42.95,5.97,9.44
1061,11/28/19,246.31,11.00,4.00,0.00,1.00,9.91,47.46,52.67,46.65,1.83,10.94
1062,11/29/19,257.45,11.00,5.00,1.00,0.00,9.91,43.95,47.46,52.67,3.39,5.23
1063,11/30/19,262.94,11.00,6.00,0.00,0.00,9.92,42.74,43.95,47.46,7.96,2.49
1064,12/1/19,265.23,12.00,7.00,0.00,0.00,9.92,44.97,42.74,43.95,7.93,5.74
1065,12/2/19,281.81,12.00,1.00,0.00,0.00,9.92,43.38,44.97,42.74,6.50,7.57
1066,12/3/19,285.64,12.00,2.00,0.00,0.00,9.92,42.17,43.38,44.97,1.87,7.07
1067,12/4/19,288.03,12.00,3.00,0.00,0.00,9.93,42.50,42.17,43.38,2.35,6.47
1068,12/5/19,287.21,12.00,4.00,0.00,0.00,9.93,42.84,42.50,42.17,0.84,7.48
1069,12/6/19,295.03,12.00,5.00,0.00,0.00,9.93,42.64,42.84,42.50,5.20,5.31
1070,12/7/19,277.10,12.00,6.00,0.00,0.00,9.93,39.67,42.64,42.84,1.34,6.11
1071,12/8/19,293.54,12.00,7.00,0.00,0.00,9.94,37.52,39.67,42.64,2.76,3.82
1072,12/9/19,275.25,12.00,1.00,0.00,0.00,9.94,47.33,37.52,39.67,7.06,6.47
1073,12/10/19,249.77,12.00,2.00,0.00,0.00,9.94,57.12,47.33,37.52,6.80,9.74
1074,12/11/19,296.98,12.00,3.00,0.00,0.00,9.95,37.85,57.12,47.33,2.17,6.84
1075,12/12/19,327.91,12.00,4.00,0.00,0.00,9.95,33.18,37.85,57.12,2.03,5.05
1076,12/13/19,314.59,12.00,5.00,0.00,0.00,9.95,38.38,33.18,37.85,7.82,5.22
1077,12/14/19,267.59,12.00,6.00,0.00,0.00,9.95,46.51,38.38,33.18,6.28,6.96
1078,12/15/19,265.01,12.00,7.00,0.00,0.00,9.96,45.24,46.51,38.38,1.08,7.25
1079,12/16/19,293.09,12.00,1.00,0.00,0.00,9.96,42.59,45.24,46.51,5.72,4.75
1080,12/17/19,286.95,12.00,2.00,0.00,0.00,9.96,45.87,42.59,45.24,6.94,7.13
1081,12/18/19,311.81,12.00,3.00,0.00,0.00,9.96,36.50,45.87,42.59,1.05,9.21
1082,12/19/19,352.43,12.00,4.00,0.00,0.00,9.97,28.84,36.50,45.87,0.17,4.74
1083,12/20/19,340.89,12.00,5.00,0.00,0.00,9.97,32.79,28.84,36.50,0.95,4.11
1084,12/21/19,323.79,12.00,6.00,0.00,0.00,9.97,33.27,32.79,28.84,2.30,1.79
1085,12/22/19,311.89,12.00,7.00,0.00,0.00,9.98,35.44,33.27,32.79,2.05,0.85
1086,12/23/19,296.29,12.00,1.00,0.00,0.00,9.98,42.12,35.44,33.27,4.02,1.26
1087,12/24/19,272.60,12.00,2.00,0.00,0.00,9.98,43.41,42.12,35.44,1.60,4.69
1088,12/25/19,272.45,12.00,3.00,0.00,1.00,9.98,39.38,43.41,42.12,1.65,2.23
1089,12/26/19,279.14,12.00,4.00,0.00,0.00,9.99,43.47,39.38,43.41,1.83,1.71
1090,12/27/19,262.49,12.00,5.00,0.00,0.00,9.99,47.83,43.47,39.38,3.76,2.08
1091,12/28/19,238.96,12.00,6.00,0.00,0.00,9.99,51.19,47.83,43.47,1.86,1.76
1092,12/29/19,240.27,12.00,7.00,0.00,0.00,9.99,53.24,51.19,47.83,7.78,3.33
1093,12/30/19,235.10,12.00,1.00,0.00,0.00,10.00,62.12,53.24,51.19,3.87,9.17
1094,12/31/19,249.39,12.00,2.00,0.00,0.00,10.00,46.98,62.12,53.24,3.45,6.15